country,region,variety,process,moisture,elevation,target
Brazil,alta paulista (sao paulo),Mundo Novo,Natural / Dry,0.1100,low,fair
Brazil,carmo de minas,Bourbon,Semi-washed / Semi-pulped,0.0000,mid,fair
Brazil,carmo de minas,Yellow Bourbon,Semi-washed / Semi-pulped,0.1200,mid,great
Brazil,cerrado,Catuai,Natural / Dry,0.1100,low,fair
Brazil,cerrado,Catuai,Natural / Dry,0.1100,low,poor
Brazil,cerrado,Catuai,Natural / Dry,0.0000,mid,good
Brazil,cerrado,Catuai,Natural / Dry,0.1200,low,great
Brazil,cerrado,Catuai,Natural / Dry,0.1100,low,fair
Brazil,cerrado,Catuai,Semi-washed / Semi-pulped,0.1100,low,fair
Brazil,cerrado,Mundo Novo,Natural / Dry,0.0200,low,good
Brazil,cerrado,Peaberry,Semi-washed / Semi-pulped,0.1100,low,fair
Brazil,grama valley,Mundo Novo,Natural / Dry,0.1200,low,good
Brazil,grama valley,Mundo Novo,Natural / Dry,0.1200,low,fair
Brazil,grama valley,Mundo Novo,Natural / Dry,0.1200,low,great
Brazil,grama valley,Yellow Bourbon,Semi-washed / Semi-pulped,0.1100,mid,good
Brazil,high mogiana,Catuai,Natural / Dry,0.0000,low,good
Brazil,mantiqueira de minas,Bourbon,Pulped natural / honey,0.1100,low,poor
Brazil,mantiqueira de minas,Yellow Bourbon,Natural / Dry,0.1200,mid,poor
Brazil,mantiqueira de minas,Yellow Bourbon,other,0.1200,mid,poor
Brazil,mantiqueira de minas,Yellow Bourbon,Semi-washed / Semi-pulped,0.1000,mid,fair
Brazil,minas gerais,Catuai,Natural / Dry,0.1100,low,good
Brazil,minas gerais,Catuai,Natural / Dry,0.1100,low,poor
Brazil,minas gerais,Catuai,Semi-washed / Semi-pulped,0.1100,low,great
Brazil,minas gerais,Catuai,Washed / Wet,0.0900,low,fair
Brazil,minas gerais,Mundo Novo,Natural / Dry,0.1100,low,good
Brazil,minas gerais,Mundo Novo,Natural / Dry,0.1100,low,great
Brazil,mogiana,Mundo Novo,Natural / Dry,0.1100,low,good
Brazil,monte carmelo,Catuai,Natural / Dry,0.1100,low,poor
Brazil,monte carmelo,Mundo Novo,Natural / Dry,0.1100,low,fair
Brazil,south of minas,Bourbon,Natural / Dry,0.1100,low,good
Brazil,south of minas,Bourbon,Natural / Dry,0.1100,low,fair
Brazil,south of minas,Bourbon,Natural / Dry,0.0000,low,fair
Brazil,south of minas,Bourbon,Natural / Dry,0.1000,low,fair
Brazil,south of minas,Bourbon,Natural / Dry,0.0000,low,good
Brazil,south of minas,Bourbon,Natural / Dry,0.1100,low,good
Brazil,south of minas,Bourbon,Natural / Dry,0.1100,low,fair
Brazil,south of minas,Bourbon,Natural / Dry,0.1100,low,fair
Brazil,south of minas,Bourbon,Natural / Dry,0.0700,mid,great
Brazil,south of minas,Bourbon,Natural / Dry,0.1100,low,great
Brazil,south of minas,Bourbon,Natural / Dry,0.1100,low,good
Brazil,south of minas,Bourbon,Natural / Dry,0.1100,low,fair
Brazil,south of minas,Bourbon,Natural / Dry,0.1100,low,good
Brazil,south of minas,Bourbon,Natural / Dry,0.1100,low,poor
Brazil,south of minas,Bourbon,Natural / Dry,0.1200,mid,great
Brazil,south of minas,Bourbon,Natural / Dry,0.1100,mid,great
Brazil,south of minas,Bourbon,Natural / Dry,0.0200,low,great
Brazil,south of minas,Bourbon,Natural / Dry,0.0000,low,good
Brazil,south of minas,Bourbon,Natural / Dry,0.1100,low,good
Brazil,south of minas,Bourbon,Natural / Dry,0.0000,low,poor
Brazil,south of minas,Bourbon,Natural / Dry,0.1100,low,good
Brazil,south of minas,Bourbon,Natural / Dry,0.1100,low,great
Brazil,south of minas,Bourbon,Natural / Dry,0.1100,low,good
Brazil,south of minas,Bourbon,Natural / Dry,0.1100,low,good
Brazil,south of minas,Bourbon,Natural / Dry,0.1100,low,fair
Brazil,south of minas,Bourbon,Natural / Dry,0.0200,low,good
Brazil,south of minas,Bourbon,Natural / Dry,0.0000,low,fair
Brazil,south of minas,Bourbon,Natural / Dry,0.1100,low,good
Brazil,south of minas,Bourbon,Natural / Dry,0.1100,low,good
Brazil,south of minas,Bourbon,Natural / Dry,0.0000,low,good
Brazil,south of minas,Bourbon,Semi-washed / Semi-pulped,0.1100,mid,great
Brazil,south of minas,Bourbon,Semi-washed / Semi-pulped,0.1100,mid,great
Brazil,south of minas,Bourbon,Semi-washed / Semi-pulped,0.0000,mid,good
Brazil,south of minas,Bourbon,Semi-washed / Semi-pulped,0.1200,mid,good
Brazil,south of minas,Bourbon,Semi-washed / Semi-pulped,0.1200,low,fair
Brazil,south of minas,Bourbon,Semi-washed / Semi-pulped,0.0000,mid,poor
Brazil,south of minas,Bourbon,Washed / Wet,0.1000,mid,fair
Brazil,south of minas,Bourbon,Washed / Wet,0.0000,mid,great
Brazil,south of minas,Catuai,Natural / Dry,0.1200,low,great
Brazil,south of minas,Catuai,Semi-washed / Semi-pulped,0.1200,low,good
Brazil,south of minas,Catuai,Semi-washed / Semi-pulped,0.1000,mid,great
Brazil,south of minas,Catuai,Semi-washed / Semi-pulped,0.1200,low,good
Brazil,south of minas,Mundo Novo,Natural / Dry,0.0000,low,fair
Brazil,south of minas,Mundo Novo,Natural / Dry,0.1200,low,fair
Brazil,south of minas,Mundo Novo,Natural / Dry,0.1200,low,good
Brazil,south of minas,Mundo Novo,Natural / Dry,0.1200,low,poor
Brazil,south of minas,Mundo Novo,Semi-washed / Semi-pulped,0.1200,low,fair
Brazil,south of minas,Mundo Novo,Semi-washed / Semi-pulped,0.1200,low,fair
Brazil,south of minas,Mundo Novo,Washed / Wet,0.1100,low,good
Brazil,south of minas,Yellow Bourbon,Natural / Dry,0.0000,low,fair
Brazil,south of minas,Yellow Bourbon,Natural / Dry,0.0000,low,great
Brazil,south of minas,Yellow Bourbon,Natural / Dry,0.0000,mid,poor
Brazil,south of minas,Yellow Bourbon,Natural / Dry,0.0000,low,good
Brazil,south of minas,Yellow Bourbon,Natural / Dry,0.0000,low,good
Brazil,south of minas,Yellow Bourbon,Natural / Dry,0.0000,low,poor
Brazil,south of minas,Yellow Bourbon,Natural / Dry,0.1000,mid,fair
Brazil,south of minas,Yellow Bourbon,Natural / Dry,0.0000,low,good
Brazil,south of minas,Yellow Bourbon,Natural / Dry,0.0000,low,good
Brazil,south of minas,Yellow Bourbon,Natural / Dry,0.0000,low,poor
Brazil,south of minas,Yellow Bourbon,Natural / Dry,0.0000,low,good
Brazil,south of minas,Yellow Bourbon,Natural / Dry,0.0000,low,fair
Brazil,south of minas,Yellow Bourbon,Natural / Dry,0.0800,low,great
Brazil,south of minas,Yellow Bourbon,Natural / Dry,0.0100,low,great
Brazil,south of minas,Yellow Bourbon,Natural / Dry,0.1000,mid,great
Brazil,south of minas,Yellow Bourbon,Natural / Dry,0.0000,low,good
Brazil,south of minas,Yellow Bourbon,Pulped natural / honey,0.1100,low,good
Brazil,south of minas,Yellow Bourbon,Pulped natural / honey,0.1100,low,fair
Brazil,south of minas,Yellow Bourbon,Pulped natural / honey,0.1100,low,good
Brazil,south of minas,Yellow Bourbon,Semi-washed / Semi-pulped,0.1200,mid,good
Brazil,south of minas,Yellow Bourbon,Semi-washed / Semi-pulped,0.1100,mid,fair
Brazil,south of minas,Yellow Bourbon,Semi-washed / Semi-pulped,0.0000,mid,fair
Brazil,south of minas,Yellow Bourbon,Washed / Wet,0.1200,mid,fair
Brazil,vale da grama,Bourbon,Natural / Dry,0.1200,mid,great
Brazil,vale da grama,Bourbon,Semi-washed / Semi-pulped,0.1200,mid,great
Brazil,vale da grama,Yellow Bourbon,Natural / Dry,0.0000,mid,great
Brazil,vale da grama,Yellow Bourbon,Semi-washed / Semi-pulped,0.1100,mid,poor
Burundi,kayanza,Bourbon,Washed / Wet,0.0000,high,good
China,dehong prefecture,Catimor,Washed / Wet,0.1000,mid,good
China,menglian,Catimor,Washed / Wet,0.1100,mid,good
China,xishuangbanna prefecture,Catimor,Pulped natural / honey,0.1200,mid,good
China,yunnan,Catimor,Natural / Dry,0.1000,low,fair
China,yunnan,Catimor,Natural / Dry,0.1000,high,great
China,yunnan,Catimor,Natural / Dry,0.1000,mid,great
China,yunnan,Catimor,Washed / Wet,0.1000,mid,great
China,yunnan,Catimor,Washed / Wet,0.1000,high,great
China,yunnan,Catimor,Washed / Wet,0.1000,mid,fair
China,yunnan,Catimor,Washed / Wet,0.1000,high,good
China,yunnan,Catimor,Washed / Wet,0.1000,low,good
China,yunnan,Catimor,Washed / Wet,0.1100,mid,good
China,yunnan,Other,Washed / Wet,0.0000,low,great
China,yunnan,Other,Washed / Wet,0.1700,high,poor
China,yunnan,Typica,Washed / Wet,0.0000,high,poor
China,yunnan,Typica,Washed / Wet,0.1000,mid,poor
Colombia,antioquia,Caturra,Washed / Wet,0.1000,mid,poor
Colombia,antioquia,Caturra,Washed / Wet,0.1000,mid,poor
Colombia,antioquia,Other,Washed / Wet,0.1100,mid,good
Colombia,cauca,Caturra,Washed / Wet,0.1100,high,fair
Colombia,cauca,Caturra,Washed / Wet,0.1100,high,great
Colombia,cauca,Other,Washed / Wet,0.1200,high,good
Colombia,cauca,Other,Washed / Wet,0.1200,high,good
Colombia,cundinamarca,Caturra,Natural / Dry,0.1100,high,great
Colombia,cundinamarca,Caturra,Natural / Dry,0.0000,mid,good
Colombia,cundinamarca,Caturra,Natural / Dry,0.1100,high,good
Colombia,cundinamarca,Caturra,Washed / Wet,0.0000,high,good
Colombia,cundinamarca,Caturra,Washed / Wet,0.0000,high,good
Colombia,cundinamarca,Caturra,Washed / Wet,0.1100,mid,good
Colombia,cundinamarca,Caturra,Washed / Wet,0.0000,high,good
Colombia,cundinamarca,Caturra,Washed / Wet,0.0000,mid,fair
Colombia,eje cafetero,Caturra,Natural / Dry,0.0000,mid,good
Colombia,guayata,Caturra,Washed / Wet,0.1100,mid,good
Colombia,guayata,Caturra,Washed / Wet,0.1100,mid,good
Colombia,guayata,Caturra,Washed / Wet,0.0000,mid,fair
Colombia,huila,Caturra,Natural / Dry,0.1100,high,fair
Colombia,huila,Caturra,Natural / Dry,0.0000,low,good
Colombia,huila,Caturra,Natural / Dry,0.1200,low,good
Colombia,huila,Caturra,Natural / Dry,0.0000,low,good
Colombia,huila,Caturra,Natural / Dry,0.0000,high,fair
Colombia,huila,Caturra,Natural / Dry,0.1100,low,good
Colombia,huila,Caturra,Natural / Dry,0.1200,low,good
Colombia,huila,Caturra,Natural / Dry,0.0000,low,poor
Colombia,huila,Caturra,Natural / Dry,0.0000,low,good
Colombia,huila,Caturra,Washed / Wet,0.1100,high,fair
Colombia,huila,Caturra,Washed / Wet,0.0000,high,good
Colombia,huila,Caturra,Washed / Wet,0.1100,high,good
Colombia,huila,Caturra,Washed / Wet,0.1100,high,good
Colombia,huila,Caturra,Washed / Wet,0.1100,high,poor
Colombia,huila,Caturra,Washed / Wet,0.1100,high,fair
Colombia,huila,Caturra,Washed / Wet,0.1100,high,fair
Colombia,huila,Caturra,Washed / Wet,0.1100,high,fair
Colombia,huila,Caturra,Washed / Wet,0.1100,high,fair
Colombia,huila,Caturra,Washed / Wet,0.1100,high,fair
Colombia,huila,Caturra,Washed / Wet,0.1100,high,fair
Colombia,huila,Caturra,Washed / Wet,0.0000,high,good
Colombia,huila,Caturra,Washed / Wet,0.0000,high,fair
Colombia,huila,Caturra,Washed / Wet,0.1200,high,fair
Colombia,huila,Caturra,Washed / Wet,0.1100,high,poor
Colombia,huila,Caturra,Washed / Wet,0.0000,high,poor
Colombia,huila,Caturra,Washed / Wet,0.0000,high,good
Colombia,huila,Caturra,Washed / Wet,0.1100,high,poor
Colombia,huila,Caturra,Washed / Wet,0.1100,high,good
Colombia,huila,Caturra,Washed / Wet,0.1100,low,great
Colombia,huila,Caturra,Washed / Wet,0.0000,high,good
Colombia,huila,Caturra,Washed / Wet,0.0000,high,good
Colombia,huila,Caturra,Washed / Wet,0.1100,high,good
Colombia,huila,Caturra,Washed / Wet,0.1100,high,good
Colombia,huila,Caturra,Washed / Wet,0.0000,high,good
Colombia,huila,Caturra,Washed / Wet,0.1100,high,good
Colombia,huila,Caturra,Washed / Wet,0.1100,high,good
Colombia,huila,Caturra,Washed / Wet,0.1200,high,good
Colombia,huila,Caturra,Washed / Wet,0.1100,high,good
Colombia,huila,Caturra,Washed / Wet,0.1200,high,good
Colombia,huila,Caturra,Washed / Wet,0.1100,high,good
Colombia,huila,Caturra,Washed / Wet,0.0000,high,good
Colombia,huila,Caturra,Washed / Wet,0.1100,high,good
Colombia,huila,Caturra,Washed / Wet,0.1100,high,good
Colombia,huila,Caturra,Washed / Wet,0.0000,low,good
Colombia,huila,Caturra,Washed / Wet,0.1100,low,good
Colombia,huila,Caturra,Washed / Wet,0.1200,high,good
Colombia,huila,Caturra,Washed / Wet,0.0000,high,fair
Colombia,huila,Caturra,Washed / Wet,0.0000,high,good
Colombia,huila,Caturra,Washed / Wet,0.0000,high,good
Colombia,huila,Caturra,Washed / Wet,0.1100,high,fair
Colombia,huila,Caturra,Washed / Wet,0.1200,low,good
Colombia,huila,Caturra,Washed / Wet,0.0000,high,fair
Colombia,huila,Caturra,Washed / Wet,0.1100,high,fair
Colombia,huila,Caturra,Washed / Wet,0.1100,high,good
Colombia,huila,Caturra,Washed / Wet,0.0000,high,fair
Colombia,huila,Caturra,Washed / Wet,0.1100,high,fair
Colombia,huila,Caturra,Washed / Wet,0.0000,high,fair
Colombia,huila,Caturra,Washed / Wet,0.1100,high,fair
Colombia,huila,Caturra,Washed / Wet,0.0000,high,good
Colombia,huila,Caturra,Washed / Wet,0.1100,high,good
Colombia,huila,Caturra,Washed / Wet,0.1100,high,fair
Colombia,huila,Caturra,Washed / Wet,0.0000,high,fair
Colombia,huila,Caturra,Washed / Wet,0.0000,high,fair
Colombia,huila,Caturra,Washed / Wet,0.0000,high,poor
Colombia,huila,Caturra,Washed / Wet,0.0000,high,great
Colombia,huila,Caturra,Washed / Wet,0.0000,high,great
Colombia,huila,Caturra,Washed / Wet,0.0000,high,great
Colombia,huila,Caturra,Washed / Wet,0.1200,high,great
Colombia,huila,Caturra,Washed / Wet,0.1100,high,great
Colombia,huila,Caturra,Washed / Wet,0.0000,high,great
Colombia,huila,Caturra,Washed / Wet,0.0000,high,good
Colombia,huila,Caturra,Washed / Wet,0.0000,high,great
Colombia,huila,Caturra,Washed / Wet,0.1100,high,good
Colombia,huila,Caturra,Washed / Wet,0.0000,high,good
Colombia,huila,Caturra,Washed / Wet,0.0000,high,good
Colombia,huila,Caturra,Washed / Wet,0.0000,high,good
Colombia,huila,Caturra,Washed / Wet,0.1100,high,good
Colombia,huila,Caturra,Washed / Wet,0.1200,high,good
Colombia,huila,Caturra,Washed / Wet,0.0000,high,good
Colombia,huila,Caturra,Washed / Wet,0.0000,high,fair
Colombia,huila,Caturra,Washed / Wet,0.0000,high,good
Colombia,huila,Caturra,Washed / Wet,0.0000,low,fair
Colombia,huila,Caturra,Washed / Wet,0.0000,high,good
Colombia,huila,Caturra,Washed / Wet,0.1200,high,good
Colombia,huila,Caturra,Washed / Wet,0.0000,high,good
Colombia,huila,Other,Washed / Wet,0.1200,mid,fair
Colombia,huila,Other,Washed / Wet,0.1100,mid,good
Colombia,huila,Other,Washed / Wet,0.0000,mid,fair
Colombia,huila,Other,Washed / Wet,0.0000,mid,good
Colombia,huila,Typica,Washed / Wet,0.1200,low,fair
Colombia,huila supremo,Caturra,Washed / Wet,0.0000,high,good
Colombia,la plata,Caturra,Washed / Wet,0.1100,high,good
Colombia,la plata,Caturra,Washed / Wet,0.1200,high,good
Colombia,nariño,Caturra,Natural / Dry,0.1100,high,good
Colombia,nariño,Caturra,Washed / Wet,0.0000,high,good
Colombia,pasto,Caturra,Natural / Dry,0.0000,high,great
Colombia,pereira,Caturra,Washed / Wet,0.0000,mid,poor
Colombia,pitalito,Caturra,Natural / Dry,0.0000,low,good
Colombia,pitalito,Caturra,Natural / Dry,0.1100,low,good
Colombia,pitalito,Caturra,Natural / Dry,0.1100,low,good
Colombia,pitalito,Caturra,Natural / Dry,0.0000,low,good
Colombia,santander,Caturra,Natural / Dry,0.1200,mid,great
Colombia,santander,Caturra,Natural / Dry,0.1200,mid,fair
Colombia,santander,Caturra,Natural / Dry,0.1200,mid,great
Colombia,santander,Caturra,Natural / Dry,0.0000,mid,fair
Colombia,santander,Caturra,Washed / Wet,0.1200,mid,good
Colombia,santander,Caturra,Washed / Wet,0.0000,mid,good
Colombia,santander,Caturra,Washed / Wet,0.1100,high,good
Colombia,santander,Caturra,Washed / Wet,0.1100,mid,great
Colombia,santander,Caturra,Washed / Wet,0.0000,mid,great
Colombia,santander,Caturra,Washed / Wet,0.0000,mid,good
Colombia,santander,Other,Washed / Wet,0.0000,mid,good
Colombia,santander,Typica,Natural / Dry,0.0000,high,fair
Colombia,south huila,Caturra,Washed / Wet,0.0000,high,good
Colombia,tolima,Caturra,Washed / Wet,0.1200,mid,great
Costa Rica,brunca,Catuai,Washed / Wet,0.1000,low,fair
Costa Rica,central valley,Catuai,Washed / Wet,0.1100,mid,fair
Costa Rica,central valley,Catuai,Washed / Wet,0.1000,mid,poor
Costa Rica,central valley,Catuai,Washed / Wet,0.1100,mid,poor
Costa Rica,central valley,Catuai,Washed / Wet,0.1000,mid,fair
Costa Rica,central valley,Catuai,Washed / Wet,0.1100,mid,good
Costa Rica,central valley,Catuai,Washed / Wet,0.1000,mid,poor
Costa Rica,central valley,Catuai,Washed / Wet,0.1100,mid,good
Costa Rica,naranjo,Caturra,Washed / Wet,0.1300,mid,poor
Costa Rica,occidental,Caturra,Washed / Wet,0.1200,mid,poor
Costa Rica,occidental,Caturra,Washed / Wet,0.1200,mid,poor
Costa Rica,occidental,Caturra,Washed / Wet,0.1100,mid,poor
Costa Rica,san ramon,Caturra,Washed / Wet,0.1100,mid,poor
Costa Rica,san ramon,Caturra,Washed / Wet,0.1100,mid,great
Costa Rica,san ramon,Caturra,Washed / Wet,0.1000,mid,good
Costa Rica,san ramon,Caturra,Washed / Wet,0.1200,mid,good
Costa Rica,tarrazu,Catuai,Pulped natural / honey,0.1100,high,fair
Costa Rica,tarrazu,Catuai,Pulped natural / honey,0.0000,high,poor
Costa Rica,tarrazu,Catuai,Washed / Wet,0.0000,mid,poor
Costa Rica,tarrazu,Catuai,Washed / Wet,0.1200,high,great
Costa Rica,tarrazu,Catuai,Washed / Wet,0.1000,mid,good
Costa Rica,tarrazu,Caturra,Washed / Wet,0.1200,high,great
Costa Rica,tarrazu,Caturra,Washed / Wet,0.1100,high,great
Costa Rica,tarrazu,Caturra,Washed / Wet,0.1000,mid,great
Costa Rica,tarrazu,Caturra,Washed / Wet,0.0900,high,good
Costa Rica,tarrazu,Caturra,Washed / Wet,0.0000,high,good
Costa Rica,tarrazu,Caturra,Washed / Wet,0.0000,high,good
Costa Rica,tarrazu,Caturra,Washed / Wet,0.1100,high,poor
Costa Rica,tarrazu,Caturra,Washed / Wet,0.1100,low,fair
Costa Rica,tarrazu,Caturra,Washed / Wet,0.0000,high,fair
Costa Rica,tarrazu,Caturra,Washed / Wet,0.0900,high,fair
Costa Rica,tarrazu,Caturra,Washed / Wet,0.0900,high,fair
Costa Rica,tarrazu,Caturra,Washed / Wet,0.1000,high,fair
Costa Rica,tres rios,Bourbon,Semi-washed / Semi-pulped,0.1200,mid,great
Costa Rica,tres rios,Caturra,Washed / Wet,0.0000,mid,fair
Costa Rica,tres rios,Caturra,Washed / Wet,0.0900,mid,fair
Costa Rica,tres rios,Caturra,Washed / Wet,0.1100,mid,fair
Costa Rica,turrialba,Caturra,Washed / Wet,0.1200,low,fair
Costa Rica,turrialba,Caturra,Washed / Wet,0.1100,low,poor
Costa Rica,valle central,Caturra,Washed / Wet,0.1000,mid,good
Costa Rica,west and central valley,Caturra,Washed / Wet,0.0000,mid,great
Costa Rica,west valley,Catuai,Washed / Wet,0.1100,mid,good
Costa Rica,west valley,Caturra,Washed / Wet,0.0000,mid,great
El Salvador,apaneca,Bourbon,Natural / Dry,0.1100,mid,great
El Salvador,apaneca,Bourbon,Washed / Wet,0.1000,mid,great
El Salvador,apaneca,Bourbon,Washed / Wet,0.0000,mid,great
El Salvador,apaneca,Bourbon,Washed / Wet,0.1200,mid,good
El Salvador,apaneca,Bourbon,Washed / Wet,0.0000,mid,poor
El Salvador,apaneca,Bourbon,Washed / Wet,0.1100,mid,fair
El Salvador,apaneca,Bourbon,Washed / Wet,0.0000,mid,fair
El Salvador,apaneca,Bourbon,Washed / Wet,0.0000,mid,fair
El Salvador,"ataco, apaneca - ilamatepec mountain range",Bourbon,Semi-washed / Semi-pulped,0.1100,mid,great
El Salvador,cacahuatique,Bourbon,Washed / Wet,0.0000,mid,poor
El Salvador,cacahuatique,Bourbon,Washed / Wet,0.0000,mid,good
El Salvador,"department of ahuachapan, municipality of apanecallamatepec mountain",Bourbon,Washed / Wet,0.0000,mid,poor
El Salvador,"el balsamo, quezaltepec",Bourbon,Washed / Wet,0.1100,mid,good
El Salvador,"el balsamo, quezaltepec",Pacas,Washed / Wet,0.0000,mid,good
El Salvador,"el balsamo, quezaltepec",Pacas,Washed / Wet,0.0000,mid,good
Ethiopia,"ethiopia, sidamo",Other,Natural / Dry,0.0900,high,great
Ethiopia,guji-hambela,Ethiopian Heirlooms,Washed / Wet,0.1200,high,great
Ethiopia,guji-hambela,Ethiopian Heirlooms,Washed / Wet,0.1200,high,great
Ethiopia,guji-hambela,Ethiopian Heirlooms,Washed / Wet,0.1200,high,great
Ethiopia,guji-hambela,Ethiopian Heirlooms,Washed / Wet,0.0000,high,good
Ethiopia,kafa,Gesha,Natural / Dry,0.1000,high,great
Ethiopia,kafa,Gesha,Natural / Dry,0.1000,high,great
Ethiopia,oromia,oromia,Natural / Dry,0.1100,high,great
Ethiopia,oromia,oromia,Natural / Dry,0.0300,high,great
Ethiopia,oromia,oromia,Natural / Dry,0.0300,high,great
Ethiopia,oromia,oromia,Natural / Dry,0.1000,high,great
Ethiopia,oromia,oromia,Natural / Dry,0.0500,high,great
Ethiopia,oromia,oromia,Natural / Dry,0.1000,high,great
Ethiopia,oromia,oromia,Natural / Dry,0.1200,high,great
Ethiopia,oromia,oromia,Natural / Dry,0.1200,high,good
Ethiopia,oromia,oromia,Natural / Dry,0.1000,mid,good
Ethiopia,oromia,oromia,Washed / Wet,0.1000,high,great
Ethiopia,oromia,oromia,Washed / Wet,0.1000,high,great
Ethiopia,sidamo,Gesha,Natural / Dry,0.1100,high,good
Ethiopia,sidamo,yirgacheffe,Natural / Dry,0.0100,high,great
Ethiopia,sidamo,yirgacheffe,Natural / Dry,0.1000,high,great
Ethiopia,sidamo,yirgacheffe,Natural / Dry,0.1000,high,great
Ethiopia,sidamo,yirgacheffe,Natural / Dry,0.2000,high,good
Ethiopia,sidamo,yirgacheffe,Natural / Dry,0.0900,mid,good
Ethiopia,yirgacheffe,yirgacheffe,Washed / Wet,0.1000,high,great
Ethiopia,yirgacheffe,yirgacheffe,Washed / Wet,0.0000,high,good
Guatemala,acatenango,Bourbon,Washed / Wet,0.1200,mid,great
Guatemala,acatenango,Bourbon,Washed / Wet,0.1000,mid,great
Guatemala,acatenango,Bourbon,Washed / Wet,0.1200,mid,great
Guatemala,"aldea xeucalvitz, ixil region, quiche department",Bourbon,Washed / Wet,0.1000,mid,good
Guatemala,antigua,Bourbon,Washed / Wet,0.1100,mid,good
Guatemala,antigua,Bourbon,Washed / Wet,0.1100,mid,good
Guatemala,antigua,Bourbon,Washed / Wet,0.1100,mid,good
Guatemala,antigua,Bourbon,Washed / Wet,0.1000,mid,good
Guatemala,antigua,Bourbon,Washed / Wet,0.1000,mid,fair
Guatemala,antigua,Bourbon,Washed / Wet,0.1000,mid,good
Guatemala,antigua,Bourbon,Washed / Wet,0.1100,mid,fair
Guatemala,antigua,Bourbon,Washed / Wet,0.1100,mid,fair
Guatemala,antigua,Caturra,Natural / Dry,0.1000,mid,great
Guatemala,antigua,Caturra,Washed / Wet,0.1000,mid,good
Guatemala,antigua,Caturra,Washed / Wet,0.1000,mid,good
Guatemala,antigua,Caturra,Washed / Wet,0.1100,mid,good
Guatemala,antigua,Caturra,Washed / Wet,0.1100,mid,good
Guatemala,antigua,Caturra,Washed / Wet,0.1100,mid,good
Guatemala,atitlan,Bourbon,Washed / Wet,0.0900,mid,fair
Guatemala,atitlan,Caturra,Washed / Wet,0.1000,mid,fair
Guatemala,atitlan,Caturra,Washed / Wet,0.1000,mid,good
Guatemala,atitlan,Caturra,Washed / Wet,0.1000,mid,fair
Guatemala,el progreso,Bourbon,Washed / Wet,0.1200,low,good
Guatemala,el progreso,Bourbon,Washed / Wet,0.1200,low,fair
Guatemala,"el tumbador, san marcos",Catuai,Washed / Wet,0.1100,mid,good
Guatemala,huehuetenango,Bourbon,Natural / Dry,0.1100,mid,fair
Guatemala,huehuetenango,Bourbon,Washed / Wet,0.1200,high,fair
Guatemala,huehuetenango,Bourbon,Washed / Wet,0.1000,mid,fair
Guatemala,huehuetenango,Bourbon,Washed / Wet,0.1100,high,good
Guatemala,huehuetenango,Bourbon,Washed / Wet,0.1000,high,fair
Guatemala,huehuetenango,Bourbon,Washed / Wet,0.1100,high,great
Guatemala,huehuetenango,Caturra,Washed / Wet,0.0000,mid,great
Guatemala,huehuetenango,Caturra,Washed / Wet,0.1000,low,great
Guatemala,huehuetenango,Caturra,Washed / Wet,0.1100,mid,good
Guatemala,huehuetenango,Caturra,Washed / Wet,0.1200,high,great
Guatemala,huehuetenango,Caturra,Washed / Wet,0.1100,mid,good
Guatemala,huehuetenango,Caturra,Washed / Wet,0.1200,high,poor
Guatemala,huehuetenango,Pacamara,Natural / Dry,0.1100,high,good
Guatemala,huehuetenango,Pacamara,Washed / Wet,0.0900,high,fair
Guatemala,jalapa,Bourbon,Washed / Wet,0.1100,high,good
Guatemala,jalapa,Bourbon,Washed / Wet,0.1100,high,fair
Guatemala,jalapa,Pacas,Washed / Wet,0.1300,mid,fair
Guatemala,jalapa,Pacas,Washed / Wet,0.1200,mid,good
Guatemala,jalapa,Pacas,Washed / Wet,0.1100,mid,great
Guatemala,jalapa,Pacas,Washed / Wet,0.1200,mid,fair
Guatemala,"la reforma, san marcos",Bourbon,Washed / Wet,0.1000,mid,good
Guatemala,norte,Bourbon,Washed / Wet,0.1000,high,fair
Guatemala,norte,Bourbon,Washed / Wet,0.0900,high,poor
Guatemala,norte,Bourbon,Washed / Wet,0.1000,high,great
Guatemala,nuevo oriente,Catuai,Washed / Wet,0.1000,mid,great
Guatemala,nuevo oriente,Catuai,Washed / Wet,0.1100,mid,good
Guatemala,nuevo oriente,Catuai,Washed / Wet,0.1100,mid,good
Guatemala,nuevo oriente,Catuai,Washed / Wet,0.1100,mid,poor
Guatemala,nuevo oriente,Catuai,Washed / Wet,0.1000,mid,poor
Guatemala,nuevo oriente,Pacas,Washed / Wet,0.1100,mid,fair
Guatemala,nuevo oriente,Pacas,Washed / Wet,0.1100,high,good
Guatemala,occidente,Bourbon,Washed / Wet,0.1100,mid,poor
Guatemala,orient,Caturra,Washed / Wet,0.1100,mid,poor
Guatemala,oriente,Bourbon,Natural / Dry,0.1000,mid,great
Guatemala,oriente,Bourbon,Natural / Dry,0.1000,mid,good
Guatemala,oriente,Bourbon,other,0.1000,mid,great
Guatemala,oriente,Bourbon,other,0.1000,mid,great
Guatemala,oriente,Bourbon,Washed / Wet,0.1100,mid,great
Guatemala,oriente,Bourbon,Washed / Wet,0.0900,mid,great
Guatemala,oriente,Bourbon,Washed / Wet,0.1100,mid,great
Guatemala,oriente,Bourbon,Washed / Wet,0.1100,mid,good
Guatemala,oriente,Bourbon,Washed / Wet,0.1000,mid,great
Guatemala,oriente,Bourbon,Washed / Wet,0.1100,mid,great
Guatemala,oriente,Bourbon,Washed / Wet,0.1200,mid,good
Guatemala,oriente,Bourbon,Washed / Wet,0.1100,mid,good
Guatemala,oriente,Bourbon,Washed / Wet,0.1100,mid,great
Guatemala,oriente,Bourbon,Washed / Wet,0.1000,mid,good
Guatemala,oriente,Bourbon,Washed / Wet,0.0000,mid,fair
Guatemala,oriente,Bourbon,Washed / Wet,0.1100,mid,fair
Guatemala,oriente,Bourbon,Washed / Wet,0.1100,mid,good
Guatemala,oriente,Bourbon,Washed / Wet,0.1100,mid,good
Guatemala,oriente,Bourbon,Washed / Wet,0.1000,high,good
Guatemala,oriente,Bourbon,Washed / Wet,0.1200,high,good
Guatemala,oriente,Bourbon,Washed / Wet,0.1100,mid,great
Guatemala,oriente,Bourbon,Washed / Wet,0.0000,mid,fair
Guatemala,oriente,Bourbon,Washed / Wet,0.1000,low,fair
Guatemala,oriente,Bourbon,Washed / Wet,0.1100,mid,good
Guatemala,oriente,Bourbon,Washed / Wet,0.1200,mid,poor
Guatemala,oriente,Bourbon,Washed / Wet,0.1200,mid,poor
Guatemala,oriente,Bourbon,Washed / Wet,0.1100,mid,poor
Guatemala,oriente,Bourbon,Washed / Wet,0.1000,high,good
Guatemala,oriente,Bourbon,Washed / Wet,0.1100,mid,poor
Guatemala,oriente,Bourbon,Washed / Wet,0.1100,mid,good
Guatemala,oriente,Bourbon,Washed / Wet,0.1100,mid,good
Guatemala,oriente,Bourbon,Washed / Wet,0.1000,mid,good
Guatemala,oriente,Bourbon,Washed / Wet,0.1000,mid,fair
Guatemala,oriente,Bourbon,Washed / Wet,0.1000,mid,fair
Guatemala,oriente,Bourbon,Washed / Wet,0.1200,mid,fair
Guatemala,oriente,Bourbon,Washed / Wet,0.1100,mid,good
Guatemala,oriente,Bourbon,Washed / Wet,0.1200,mid,fair
Guatemala,oriente,Bourbon,Washed / Wet,0.1000,mid,good
Guatemala,oriente,Bourbon,Washed / Wet,0.0000,mid,poor
Guatemala,oriente,Bourbon,Washed / Wet,0.1000,high,fair
Guatemala,oriente,Bourbon,Washed / Wet,0.1100,mid,poor
Guatemala,oriente,Bourbon,Washed / Wet,0.1100,mid,poor
Guatemala,oriente,Bourbon,Washed / Wet,0.1000,mid,fair
Guatemala,oriente,Bourbon,Washed / Wet,0.1100,mid,poor
Guatemala,oriente,Bourbon,Washed / Wet,0.1000,mid,poor
Guatemala,oriente,Bourbon,Washed / Wet,0.1200,mid,poor
Guatemala,oriente,Bourbon,Washed / Wet,0.1100,mid,poor
Guatemala,oriente,Bourbon,Washed / Wet,0.1100,mid,poor
Guatemala,oriente,Bourbon,Washed / Wet,0.1100,mid,poor
Guatemala,oriente,Bourbon,Washed / Wet,0.1100,mid,poor
Guatemala,oriente,Bourbon,Washed / Wet,0.1100,mid,poor
Guatemala,oriente,Bourbon,Washed / Wet,0.1100,mid,good
Guatemala,oriente,Bourbon,Washed / Wet,0.1100,mid,poor
Guatemala,oriente,Caturra,Natural / Dry,0.1100,mid,great
Guatemala,oriente,Caturra,Washed / Wet,0.1100,mid,poor
Guatemala,oriente,Caturra,Washed / Wet,0.1200,mid,poor
Guatemala,oriente,Caturra,Washed / Wet,0.1200,mid,good
Guatemala,oriente,Other,Washed / Wet,0.1000,mid,poor
Guatemala,oriente,Other,Washed / Wet,0.1200,mid,poor
Guatemala,oriente,Other,Washed / Wet,0.1200,mid,poor
Guatemala,oriente,Other,Washed / Wet,0.1000,mid,poor
Guatemala,oriente,Other,Washed / Wet,0.1000,mid,poor
Guatemala,oriente,Other,Washed / Wet,0.1000,mid,poor
Guatemala,oriente,Other,Washed / Wet,0.1200,mid,fair
Guatemala,oriente,Other,Washed / Wet,0.1100,mid,poor
Guatemala,quetzaltenango,Caturra,Washed / Wet,0.1100,mid,good
Guatemala,"sacatepequez, guatemala",Caturra,Washed / Wet,0.1000,mid,fair
Guatemala,"sacatepequez, guatemala",Caturra,Washed / Wet,0.1100,mid,poor
Guatemala,"san lucas toliman, solola",Bourbon,Washed / Wet,0.1000,mid,fair
Guatemala,"san lucas toliman, solola",Bourbon,Washed / Wet,0.1200,mid,poor
Guatemala,san marcos,Bourbon,Washed / Wet,0.1100,high,fair
Guatemala,san marcos,Bourbon,Washed / Wet,0.1000,high,fair
Guatemala,san marcos,Bourbon,Washed / Wet,0.1000,high,good
Guatemala,san marcos,Bourbon,Washed / Wet,0.1300,high,great
Guatemala,san marcos,Bourbon,Washed / Wet,0.1100,high,good
Guatemala,san marcos,Bourbon,Washed / Wet,0.1100,high,good
Guatemala,san marcos,Bourbon,Washed / Wet,0.1000,high,fair
Guatemala,san marcos,Bourbon,Washed / Wet,0.1200,high,good
Guatemala,san marcos,Bourbon,Washed / Wet,0.1000,high,poor
Guatemala,san marcos,Bourbon,Washed / Wet,0.1000,high,good
Guatemala,san marcos,Catuai,Washed / Wet,0.1000,mid,poor
Guatemala,san marcos,Catuai,Washed / Wet,0.0900,mid,great
Guatemala,santa rosa,Bourbon,Washed / Wet,0.1200,mid,poor
Guatemala,santa rosa,Bourbon,Washed / Wet,0.1000,mid,good
Guatemala,santa rosa,Bourbon,Washed / Wet,0.1000,mid,fair
Guatemala,santa rosa,Bourbon,Washed / Wet,0.1000,mid,fair
Guatemala,santa rosa,Bourbon,Washed / Wet,0.1100,mid,fair
Guatemala,santa rosa,Caturra,Washed / Wet,0.1000,low,good
Guatemala,santa rosa,Caturra,Washed / Wet,0.1100,high,good
Guatemala,santa rosa,Caturra,Washed / Wet,0.1000,mid,poor
Guatemala,solola,Caturra,Washed / Wet,0.1000,mid,great
Haiti,"department d'artibonite , haiti",Typica,Natural / Dry,0.1400,low,poor
Haiti,"dondon, haiti",Blue Mountain,Washed / Wet,0.1100,low,poor
Haiti,"dondon, haiti",Typica,Washed / Wet,0.1000,low,poor
Haiti,haiti,Typica,Washed / Wet,0.1200,low,poor
Haiti,"thiotte, haiti",Typica,Washed / Wet,0.1100,mid,fair
Honduras,central region,Catuai,Natural / Dry,0.1300,mid,poor
Honduras,central region,Catuai,Natural / Dry,0.1300,mid,poor
Honduras,central region,Catuai,Washed / Wet,0.1100,mid,great
Honduras,comayagua,Caturra,Natural / Dry,0.1000,mid,fair
Honduras,comayagua,Caturra,Natural / Dry,0.1100,mid,good
Honduras,comayagua,Caturra,Natural / Dry,0.0900,mid,fair
Honduras,comayagua,Caturra,Natural / Dry,0.1000,mid,fair
Honduras,comayagua,Caturra,Natural / Dry,0.1000,mid,poor
Honduras,comayagua,Caturra,Natural / Dry,0.1000,mid,poor
Honduras,comayagua,Caturra,Washed / Wet,0.1000,mid,fair
Honduras,comayagua,Caturra,Washed / Wet,0.1100,mid,fair
Honduras,comayagua,Caturra,Washed / Wet,0.1000,mid,fair
Honduras,comayagua,Caturra,Washed / Wet,0.1000,mid,great
Honduras,comayagua,Caturra,Washed / Wet,0.1000,mid,good
Honduras,comayagua,Caturra,Washed / Wet,0.1000,mid,good
Honduras,comayagua,Caturra,Washed / Wet,0.1100,mid,fair
Honduras,comayagua,Caturra,Washed / Wet,0.1200,mid,fair
Honduras,"comayagua, honduras",Other,Washed / Wet,0.1200,mid,good
Honduras,el paraíso,Caturra,Washed / Wet,0.1200,mid,fair
Honduras,guinope el paraíso,Caturra,Natural / Dry,0.1000,mid,fair
Honduras,intibuca,Pacas,Natural / Dry,0.1100,mid,poor
Honduras,intibuca,Pacas,Natural / Dry,0.1100,mid,poor
Honduras,intibuca,Pacas,Washed / Wet,0.1100,mid,poor
Honduras,intibuca,Pacas,Washed / Wet,0.1100,mid,poor
Honduras,marcala,Catuai,Washed / Wet,0.1100,mid,poor
Honduras,marcala,Catuai,Washed / Wet,0.1000,mid,poor
Honduras,marcala,Catuai,Washed / Wet,0.1000,mid,poor
Honduras,marcala,Catuai,Washed / Wet,0.1000,mid,poor
Honduras,marcala,Catuai,Washed / Wet,0.1100,mid,fair
Honduras,marcala,Catuai,Washed / Wet,0.1100,mid,fair
Honduras,marcala,Catuai,Washed / Wet,0.1200,mid,fair
Honduras,marcala,Catuai,Washed / Wet,0.1100,mid,fair
Honduras,marcala,Catuai,Washed / Wet,0.1200,mid,poor
Honduras,marcala,Catuai,Washed / Wet,0.0900,mid,fair
Honduras,marcala,Catuai,Washed / Wet,0.1200,mid,poor
Honduras,marcala,Catuai,Washed / Wet,0.0900,mid,poor
Honduras,marcala,Catuai,Washed / Wet,0.1100,mid,good
Honduras,marcala,Catuai,Washed / Wet,0.1100,mid,good
Honduras,occidental,Caturra,Washed / Wet,0.1100,mid,poor
Honduras,occidental,Caturra,Washed / Wet,0.1100,mid,poor
Honduras,ocotepeque,Catuai,Washed / Wet,0.1100,high,poor
Honduras,ocotepeque,Catuai,Washed / Wet,0.1100,high,poor
Honduras,san marcos,Catuai,Natural / Dry,0.1000,mid,fair
Honduras,san marcos,Catuai,Washed / Wet,0.1200,mid,poor
Honduras,san marcos,Caturra,Natural / Dry,0.1200,mid,poor
Honduras,"siguatepeque, comayagua",Caturra,Natural / Dry,0.1100,mid,poor
Honduras,western region,Catimor,Washed / Wet,0.1100,mid,fair
Indonesia,aceh,Typica,Semi-washed / Semi-pulped,0.1300,mid,good
Indonesia,aceh gayo,Bourbon,Washed / Wet,0.1500,mid,fair
Indonesia,bali,Other,Washed / Wet,0.1100,mid,good
Indonesia,bener meriah,Sumatra,Semi-washed / Semi-pulped,0.1300,mid,good
Indonesia,east java,Typica,Washed / Wet,0.1200,mid,good
Indonesia,ijen,Java,Washed / Wet,0.1300,mid,poor
Indonesia,ijen,Other,Washed / Wet,0.1200,mid,poor
Indonesia,indonesia,Other,Natural / Dry,0.1200,high,poor
Indonesia,lington nihuta,Typica,other,0.1100,mid,fair
Indonesia,lintong,Sumatra Lintong,Semi-washed / Semi-pulped,0.1100,mid,great
Indonesia,sapan toraja,Sulawesi,Wet Hulling,0.1200,mid,good
Indonesia,sulawesi,Sulawesi,Wet Hulling,0.0300,mid,great
Indonesia,sumatra brastagi,Mandheling,other,0.0000,mid,good
Indonesia,sumatra brastagi,Mandheling,Semi-washed / Semi-pulped,0.1300,mid,fair
Indonesia,"temanggung, indonesia",Java,Washed / Wet,0.1200,mid,great
Kenya,blend,SL34,Washed / Wet,0.0000,mid,great
Kenya,central kenya,SL28,Washed / Wet,0.0000,high,good
Kenya,central kenya,SL34,Washed / Wet,0.0000,mid,great
Kenya,central kenya,SL34,Washed / Wet,0.0000,mid,great
Kenya,central kenya,SL34,Washed / Wet,0.0000,mid,great
Kenya,kenya,SL28,Washed / Wet,0.0800,low,good
Kenya,kenya,SL28,Washed / Wet,0.1000,low,good
Kenya,kiambu,SL28,Washed / Wet,0.1100,mid,good
Kenya,kiambu,SL28,Washed / Wet,0.1100,high,great
Kenya,kiambu,SL34,Washed / Wet,0.1100,mid,poor
Kenya,kirinyaga,SL28,Natural / Dry,0.1000,high,great
Kenya,meru county,SL28,Washed / Wet,0.1100,high,good
Kenya,muranga,SL34,Washed / Wet,0.1200,high,great
Kenya,nyeri,Peaberry,Washed / Wet,0.1000,high,great
Kenya,nyeri,SL28,Natural / Dry,0.1100,high,great
Kenya,nyeri,SL28,Washed / Wet,0.1100,high,great
Kenya,nyeri,SL28,Washed / Wet,0.1100,high,great
Kenya,nyeri,SL28,Washed / Wet,0.1100,high,good
Kenya,nyeri,SL28,Washed / Wet,0.1100,high,good
Kenya,nyeri,SL28,Washed / Wet,0.1000,high,good
Kenya,nyeri,SL34,Washed / Wet,0.1300,high,great
Kenya,nyeri,SL34,Washed / Wet,0.1100,high,good
Laos,lao p.d.r.,Other,Washed / Wet,0.1200,mid,fair
Laos,"paksong,laos",Catimor,Washed / Wet,0.1300,mid,good
Laos,"paksong,laos",Catimor,Washed / Wet,0.0000,mid,poor
Malawi,kakoma,Gesha,Washed / Wet,0.1300,mid,fair
Malawi,mzuzu,Gesha,Washed / Wet,0.1300,low,fair
Malawi,mzuzu,Gesha,Washed / Wet,0.1200,mid,fair
Malawi,mzuzu,Gesha,Washed / Wet,0.1200,mid,poor
Malawi,mzuzu,Gesha,Washed / Wet,0.1300,mid,poor
Malawi,mzuzu,Gesha,Washed / Wet,0.1200,mid,good
Malawi,mzuzu,Gesha,Washed / Wet,0.1200,mid,good
Malawi,mzuzu,Gesha,Washed / Wet,0.1300,mid,fair
Malawi,mzuzu,Gesha,Washed / Wet,0.1300,high,fair
Malawi,southern- zomba,Caturra,Washed / Wet,0.1200,low,poor
Malawi,southern- zomba,Caturra,Washed / Wet,0.1200,low,poor
Mexico,adolfo lopez mateos,Typica,Washed / Wet,0.0000,low,good
Mexico,altotonga,Typica,Washed / Wet,0.1200,low,good
Mexico,amatenango de la frontera,Typica,Washed / Wet,0.1400,low,poor
Mexico,amatenango de la frontera,Typica,Washed / Wet,0.1200,mid,fair
Mexico,atoyac de alvarez,Typica,Natural / Dry,0.1100,low,fair
Mexico,atoyac de alvarez,Typica,Natural / Dry,0.1200,mid,great
Mexico,atoyac de alvarez,Typica,Semi-washed / Semi-pulped,0.1100,mid,great
Mexico,"calnali, hidalgo",Bourbon,Washed / Wet,0.1600,low,good
Mexico,"calnali, hidalgo",Caturra,Washed / Wet,0.1100,low,poor
Mexico,canoas,Typica,Washed / Wet,0.1000,low,fair
Mexico,"chapulhuacan, hidalgo",Typica,Semi-washed / Semi-pulped,0.1300,low,fair
Mexico,chiapas,Bourbon,Washed / Wet,0.1200,mid,fair
Mexico,chiapas,Bourbon,Washed / Wet,0.1200,mid,good
Mexico,chiapas,Bourbon,Washed / Wet,0.1200,mid,good
Mexico,chiapas,Bourbon,Washed / Wet,0.1200,mid,poor
Mexico,chiapas,Bourbon,Washed / Wet,0.1300,low,poor
Mexico,chiapas,Bourbon,Washed / Wet,0.1200,mid,poor
Mexico,chiapas,Catuai,Washed / Wet,0.1100,mid,fair
Mexico,chiapas,Caturra,Washed / Wet,0.1200,mid,good
Mexico,chiapas,Other,Washed / Wet,0.0000,mid,good
Mexico,chiapas,Typica,Washed / Wet,0.1200,mid,good
Mexico,chiapas,Typica,Washed / Wet,0.1200,mid,fair
Mexico,chiapas,Typica,Washed / Wet,0.1100,mid,good
Mexico,chiapas,Typica,Washed / Wet,0.1200,high,poor
Mexico,"chiapas, jaltenango",Caturra,Washed / Wet,0.1200,mid,good
Mexico,"chiapas, jaltenango",Caturra,Washed / Wet,0.1200,mid,good
Mexico,chilón,Typica,Semi-washed / Semi-pulped,0.1100,low,poor
Mexico,chilón,Typica,Semi-washed / Semi-pulped,0.1100,low,good
Mexico,"chocaman, veracruz",Typica,Washed / Wet,0.1400,mid,poor
Mexico,coatepec,Bourbon,Washed / Wet,0.1100,mid,good
Mexico,coatepec,Typica,Natural / Dry,0.1200,mid,poor
Mexico,coatepec,Typica,Semi-washed / Semi-pulped,0.1100,mid,great
Mexico,coatepec,Typica,Semi-washed / Semi-pulped,0.1200,mid,poor
Mexico,coatepec,Typica,Washed / Wet,0.1100,mid,poor
Mexico,coatepec,Typica,Washed / Wet,0.1200,mid,poor
Mexico,coatepec,Typica,Washed / Wet,0.1300,mid,poor
Mexico,coatepec,Typica,Washed / Wet,0.1300,low,poor
Mexico,coatepec,Typica,Washed / Wet,0.1200,mid,poor
Mexico,coatepec,Typica,Washed / Wet,0.1200,mid,poor
Mexico,coatepec,Typica,Washed / Wet,0.1100,low,good
Mexico,coatepec,Typica,Washed / Wet,0.1400,mid,good
Mexico,coatepec,Typica,Washed / Wet,0.1300,mid,good
Mexico,coatepec,Typica,Washed / Wet,0.1100,mid,fair
Mexico,"coatepec, coatepec",Mundo Novo,Washed / Wet,0.0000,mid,poor
Mexico,"coatepec, coatepec",Typica,Washed / Wet,0.1200,low,poor
Mexico,"coatepec, coatepec",Typica,Washed / Wet,0.1300,low,fair
Mexico,cofradia de suchitlan,Typica,Washed / Wet,0.1000,mid,good
Mexico,colima,Typica,Washed / Wet,0.1200,mid,good
Mexico,colima,Typica,Washed / Wet,0.1000,mid,good
Mexico,cordoba,Typica,Washed / Wet,0.1100,low,poor
Mexico,coscomatepec,Typica,Washed / Wet,0.1200,low,poor
Mexico,cuarenteño,Typica,Natural / Dry,0.1200,mid,good
Mexico,cuarenteño,Typica,Natural / Dry,0.1300,low,good
Mexico,"el desmoronado, talpan de allende jalisco",Typica,Washed / Wet,0.1200,mid,poor
Mexico,el remudadero,Typica,Washed / Wet,0.1300,mid,good
Mexico,escuitla,Typica,Washed / Wet,0.1400,mid,poor
Mexico,fln mirador,Typica,Washed / Wet,0.1200,mid,fair
Mexico,fortín de las flores,Bourbon,Washed / Wet,0.1200,low,fair
Mexico,fortín de las flores,Caturra,Washed / Wet,0.1200,low,good
Mexico,huautla de jimenez,Typica,Washed / Wet,0.1300,mid,poor
Mexico,"huazalingo, hidalgo",Caturra,Natural / Dry,0.1300,low,good
Mexico,"huazalingo, hidalgo",Caturra,Washed / Wet,0.1300,low,poor
Mexico,"huazalingo, hidalgo",Mundo Novo,Washed / Wet,0.1400,low,fair
Mexico,hustusco,Typica,Washed / Wet,0.1200,mid,great
Mexico,"iliatenco, guerrero",Mundo Novo,Natural / Dry,0.1200,mid,poor
Mexico,ixhuatlan del cafe,Typica,Washed / Wet,0.1300,mid,poor
Mexico,jaltenango,Catuai,Washed / Wet,0.1100,low,poor
Mexico,jaltenango,Typica,Washed / Wet,0.1100,mid,great
Mexico,"jaltocan, hidalgo",Typica,Natural / Dry,0.1500,low,good
Mexico,juchique de ferrer,Bourbon,Washed / Wet,0.1100,low,poor
Mexico,juquila,Typica,Washed / Wet,0.1200,mid,good
Mexico,la concordia,Bourbon,Washed / Wet,0.1000,mid,great
Mexico,la concordia,Bourbon,Washed / Wet,0.1100,mid,fair
Mexico,la concordia,Caturra,Washed / Wet,0.1200,mid,fair
Mexico,la concordia,Caturra,Washed / Wet,0.1200,mid,poor
Mexico,la concordia,Caturra,Washed / Wet,0.1200,mid,good
Mexico,la concordia,Caturra,Washed / Wet,0.1300,mid,poor
Mexico,la concordia,Caturra,Washed / Wet,0.1200,mid,poor
Mexico,la concordia,Marigojipe,Natural / Dry,0.1100,mid,fair
Mexico,la concordia,Other,Washed / Wet,0.1000,mid,fair
Mexico,la concordia,Pacas,Natural / Dry,0.1100,mid,good
Mexico,la concordia,Typica,Natural / Dry,0.1100,high,good
Mexico,la concordia,Typica,Semi-washed / Semi-pulped,0.1100,high,fair
Mexico,la concordia,Typica,Washed / Wet,0.1100,mid,good
Mexico,la concordia,Typica,Washed / Wet,0.1200,mid,fair
Mexico,la concordia,Typica,Washed / Wet,0.1200,high,fair
Mexico,la concordia,Typica,Washed / Wet,0.1200,mid,fair
Mexico,la concordia,Typica,Washed / Wet,0.1200,mid,fair
Mexico,la concordia,Typica,Washed / Wet,0.1300,mid,poor
Mexico,la concordia,Typica,Washed / Wet,0.1100,mid,good
Mexico,la concordia,Typica,Washed / Wet,0.1200,mid,poor
Mexico,la concordia,Typica,Washed / Wet,0.1200,mid,poor
Mexico,la concordia,Typica,Washed / Wet,0.1200,mid,poor
Mexico,la concordia,Typica,Washed / Wet,0.1100,mid,good
Mexico,la cumbre,Typica,Washed / Wet,0.1400,mid,great
Mexico,la yerba,Typica,Natural / Dry,0.1100,mid,good
Mexico,la yerba,Typica,Washed / Wet,0.1100,mid,fair
Mexico,la yerbabuena,Typica,Washed / Wet,0.0000,mid,great
Mexico,los angeles,Caturra,Washed / Wet,0.1300,mid,poor
Mexico,mahuixtlan,Typica,Washed / Wet,0.1200,low,good
Mexico,manzanillo,Typica,Semi-washed / Semi-pulped,0.1100,low,fair
Mexico,menglian,Typica,Washed / Wet,0.1400,low,poor
Mexico,motozintla,Catuai,Semi-washed / Semi-pulped,0.1300,mid,poor
Mexico,motozintla,Other,Washed / Wet,0.1200,low,poor
Mexico,motozintla,Other,Washed / Wet,0.1200,low,poor
Mexico,motozintla,Other,Washed / Wet,0.1200,low,poor
Mexico,motozintla,Other,Washed / Wet,0.1200,mid,poor
Mexico,motozintla,Typica,Washed / Wet,0.1200,mid,fair
Mexico,oaxaca,Typica,Washed / Wet,0.1100,low,fair
Mexico,oaxaca,Typica,Washed / Wet,0.1100,low,poor
Mexico,oaxaca,Typica,Washed / Wet,0.1100,mid,poor
Mexico,oaxaca,Typica,Washed / Wet,0.1000,mid,good
Mexico,ocosingo,Mundo Novo,Washed / Wet,0.1100,mid,poor
Mexico,"ohuapan, tlaltetela",Bourbon,Washed / Wet,0.1200,mid,poor
Mexico,petatlan,Bourbon,Natural / Dry,0.1000,mid,great
Mexico,petatlan,Typica,Natural / Dry,0.1000,mid,good
Mexico,petatlan,Typica,Washed / Wet,0.1100,mid,poor
Mexico,pochutla,Typica,Washed / Wet,0.1000,low,poor
Mexico,pochutla,Typica,Washed / Wet,0.1000,low,poor
Mexico,progreso santa rosa teocelo,Bourbon,Washed / Wet,0.1300,mid,good
Mexico,"sacún palma, municipio de chilón, chiapas",Caturra,Semi-washed / Semi-pulped,0.1100,low,good
Mexico,san bartolo tutotepec,Pacamara,Washed / Wet,0.1400,low,good
Mexico,san bartolo tutotepec,Typica,Washed / Wet,0.1300,high,good
Mexico,san bartolo tutotepec,Typica,Washed / Wet,0.1500,mid,good
Mexico,san fernando,Typica,Washed / Wet,0.1300,high,fair
Mexico,san isidro,Typica,Washed / Wet,0.1300,low,fair
Mexico,san miguel del puerto,Other,Washed / Wet,0.1100,low,poor
Mexico,san pedro cotzilnam,Typica,Semi-washed / Semi-pulped,0.1300,mid,good
Mexico,san pedro cotzilnam,Typica,Semi-washed / Semi-pulped,0.1200,mid,great
Mexico,santa catarina juquila,Other,Washed / Wet,0.1000,mid,good
Mexico,santa catarina juquila,Typica,Washed / Wet,0.1100,mid,good
Mexico,santa maria sitepec,Typica,Washed / Wet,0.1100,high,poor
Mexico,santo domingo cacalotepec,Typica,Washed / Wet,0.1100,mid,good
Mexico,santo reyes nopala,Typica,Washed / Wet,0.1200,mid,poor
Mexico,sierra alta mixe y zapoteca,Typica,Washed / Wet,0.0000,mid,poor
Mexico,"sierra fraylesca, chiapas",Typica,Washed / Wet,0.0000,mid,good
Mexico,sierra madre occidental,Caturra,Washed / Wet,0.1000,mid,poor
Mexico,sierra madre occidental,Typica,Washed / Wet,0.1100,mid,great
Mexico,"sierra norte yajalon, chiapas",Typica,Washed / Wet,0.1200,low,poor
Mexico,"sierra, chiapas",Bourbon,Washed / Wet,0.0000,mid,poor
Mexico,siltepec el triunfo,Typica,Washed / Wet,0.0000,mid,poor
Mexico,"siltepec el triunfo, chiapas, mexico",Typica,Washed / Wet,0.1100,mid,fair
Mexico,talpa de allende,Typica,Washed / Wet,0.1000,mid,poor
Mexico,talpa de allende,Typica,Washed / Wet,0.1000,mid,poor
Mexico,tapachula,Bourbon,Washed / Wet,0.1300,mid,fair
Mexico,tapachula,Pacamara,Washed / Wet,0.1200,low,great
Mexico,tapachula,Typica,Natural / Dry,0.1300,high,poor
Mexico,tapachula,Typica,Washed / Wet,0.1300,high,fair
Mexico,tapachula,Typica,Washed / Wet,0.1300,high,fair
Mexico,tapachula,Typica,Washed / Wet,0.1300,mid,poor
Mexico,temaxcalapa,Catuai,Washed / Wet,0.1200,low,poor
Mexico,"tenango de doria, hidalgo",Bourbon,Washed / Wet,0.1300,low,fair
Mexico,"tenango de doria, hidalgo",Caturra,Washed / Wet,0.1300,low,poor
Mexico,tepetzingo,Typica,Washed / Wet,0.1200,mid,poor
Mexico,tepictla,Bourbon,Washed / Wet,0.1200,mid,poor
Mexico,tepictla,Mundo Novo,Washed / Wet,0.1300,mid,fair
Mexico,tlacuilotepec,Mundo Novo,Washed / Wet,0.1100,low,poor
Mexico,tlacuilotepec,Pacamara,Washed / Wet,0.1100,low,poor
Mexico,"tlanchinol, hidalgo",Typica,Washed / Wet,0.1200,low,good
Mexico,tlatlauquitepec,Mundo Novo,Washed / Wet,0.1200,low,poor
Mexico,totutla,Pacamara,Washed / Wet,0.1200,mid,good
Mexico,tuxtla gutierrez,Typica,Washed / Wet,0.1200,low,poor
Mexico,tuxtla gutierrez,Typica,Washed / Wet,0.1200,high,good
Mexico,tuxtla gutierrez,Typica,Washed / Wet,0.1300,high,good
Mexico,veracruz,Bourbon,Washed / Wet,0.1200,mid,poor
Mexico,veracruz,Bourbon,Washed / Wet,0.1100,mid,fair
Mexico,veracruz,Bourbon,Washed / Wet,0.1100,low,poor
Mexico,veracruz,Bourbon,Washed / Wet,0.1300,low,poor
Mexico,veracruz,Bourbon,Washed / Wet,0.1200,mid,great
Mexico,veracruz,Bourbon,Washed / Wet,0.1200,low,poor
Mexico,veracruz,Bourbon,Washed / Wet,0.0000,low,poor
Mexico,veracruz,Bourbon,Washed / Wet,0.1300,low,poor
Mexico,veracruz,Bourbon,Washed / Wet,0.1100,high,poor
Mexico,veracruz,Bourbon,Washed / Wet,0.1200,mid,good
Mexico,veracruz,Bourbon,Washed / Wet,0.1200,mid,good
Mexico,veracruz,Bourbon,Washed / Wet,0.1300,mid,good
Mexico,veracruz,Bourbon,Washed / Wet,0.1300,mid,good
Mexico,veracruz,Mundo Novo,Washed / Wet,0.1200,mid,good
Mexico,veracruz,Mundo Novo,Washed / Wet,0.1100,mid,great
Mexico,veracruz,Mundo Novo,Washed / Wet,0.1200,low,poor
Mexico,veracruz,Mundo Novo,Washed / Wet,0.1100,mid,poor
Mexico,veracruz,Other,Washed / Wet,0.1200,low,good
Mexico,veracruz,Other,Washed / Wet,0.1200,low,poor
Mexico,veracruz,Other,Washed / Wet,0.1200,high,good
Mexico,veracruz,Pacamara,Washed / Wet,0.1400,mid,good
Mexico,veracruz,Typica,Semi-washed / Semi-pulped,0.1400,mid,poor
Mexico,veracruz,Typica,Washed / Wet,0.1200,mid,poor
Mexico,veracruz,Typica,Washed / Wet,0.1400,mid,poor
Mexico,veracruz,Typica,Washed / Wet,0.1200,mid,good
Mexico,veracruz,Typica,Washed / Wet,0.1100,low,good
Mexico,veracruz,Typica,Washed / Wet,0.1100,mid,fair
Mexico,veracruz,Typica,Washed / Wet,0.0900,mid,great
Mexico,veracruz,Typica,Washed / Wet,0.1200,low,poor
Mexico,villa talea de castro,Typica,Washed / Wet,0.1200,mid,poor
Mexico,xalapa,Bourbon,Natural / Dry,0.1300,mid,good
Mexico,xalapa,Caturra,Washed / Wet,0.1300,mid,poor
Mexico,xalapa,Other,Washed / Wet,0.1300,mid,great
Mexico,xalapa,Typica,Washed / Wet,0.1200,low,good
Mexico,xalapa,Typica,Washed / Wet,0.1300,mid,poor
Mexico,xicotepec de juarez,Caturra,Washed / Wet,0.1100,mid,poor
Mexico,xicotepec de juarez,Typica,Washed / Wet,0.1200,low,fair
Mexico,xicotepec de juarez,Typica,Washed / Wet,0.1200,low,good
Mexico,xicotepec de juarez,Typica,Washed / Wet,0.1300,low,poor
Mexico,"xochitonalco, huautla        ",Typica,Natural / Dry,0.1300,mid,poor
Mexico,yajalon,Bourbon,Washed / Wet,0.1100,mid,poor
Mexico,yajalon,Typica,Washed / Wet,0.1400,mid,poor
Mexico,yecuatla,Caturra,Washed / Wet,0.1300,mid,poor
Mexico,zapotitlan de mendez,Typica,Washed / Wet,0.1200,low,fair
Mexico,zaragoza itundujia,Bourbon,Washed / Wet,0.1400,mid,poor
Mexico,zaragoza itundujia,Typica,Semi-washed / Semi-pulped,0.1400,mid,poor
Mexico,zaragoza itundujia,Typica,Washed / Wet,0.1400,mid,fair
Mexico,zaragoza itundujia,Typica,Washed / Wet,0.1500,mid,poor
Mexico,zaragoza itundujia,Typica,Washed / Wet,0.1400,mid,poor
Mexico,zaragoza itundujia,Typica,Washed / Wet,0.1600,mid,poor
Mexico,zaragoza itundujia,Typica,Washed / Wet,0.1600,mid,poor
Mexico,zaragoza itundujia,Typica,Washed / Wet,0.1400,mid,poor
Mexico,zaragoza itundujia,Typica,Washed / Wet,0.1500,mid,poor
Mexico,zaragoza itundujia,Typica,Washed / Wet,0.1600,mid,poor
Mexico,zaragoza itundujia,Typica,Washed / Wet,0.1700,mid,poor
Mexico,zaragoza itundujia,Typica,Washed / Wet,0.1500,mid,poor
Mexico,zentla,Typica,Washed / Wet,0.1400,low,poor
Mexico,zentla,Typica,Washed / Wet,0.1400,low,poor
Mexico,zihuatanejo de azueta,Typica,Washed / Wet,0.1100,mid,good
Myanmar,"doe kwin, pyin oo lwin",Other,Washed / Wet,0.0000,high,poor
Myanmar,pyin oo lwin,Other,Washed / Wet,0.0000,high,poor
Myanmar,"yauk sauk, shan state",Other,Natural / Dry,0.1100,low,poor
Myanmar,ywar ngan,Catuai,Natural / Dry,0.0000,high,poor
Myanmar,ywar ngan,Catuai,Washed / Wet,0.0000,high,good
Myanmar,ywar ngan,Catuai,Washed / Wet,0.0000,mid,fair
Myanmar,ywar ngan,Catuai,Washed / Wet,0.0000,high,fair
Nicaragua,jalapa,Caturra,other,0.1100,low,fair
Nicaragua,jalapa,Caturra,other,0.1000,low,poor
Nicaragua,jalapa,Caturra,other,0.1300,low,poor
Nicaragua,jinotega,Catuai,Washed / Wet,0.1000,low,fair
Nicaragua,jinotega,Caturra,Natural / Dry,0.1200,low,poor
Nicaragua,jinotega,Caturra,Natural / Dry,0.1200,low,great
Nicaragua,jinotega,Caturra,Washed / Wet,0.1000,mid,good
Nicaragua,jinotega,Caturra,Washed / Wet,0.1100,mid,poor
Nicaragua,jinotega,Caturra,Washed / Wet,0.1000,mid,poor
Nicaragua,jinotega,Caturra,Washed / Wet,0.1100,mid,poor
Nicaragua,jinotega,Other,Washed / Wet,0.1100,low,poor
Nicaragua,matagalpa,Caturra,Washed / Wet,0.1000,low,poor
Nicaragua,matagalpa,Caturra,Washed / Wet,0.1100,low,poor
Panama,boquete,Catuai,Washed / Wet,0.0000,low,fair
Panama,boquete,Caturra,Natural / Dry,0.0900,high,good
Panama,boquete,Caturra,other,0.1100,high,poor
Panama,boquete,Gesha,Washed / Wet,0.0800,mid,great
Peru,san ignacio,Caturra,Washed / Wet,0.0000,mid,good
Peru,san ignacio,Typica,Washed / Wet,0.0000,mid,poor
Philippines,asia pacific,Other,Washed / Wet,0.0000,mid,fair
Philippines,"bukidnon, mindanao, philppines",Other,Washed / Wet,0.1100,mid,good
Philippines,corillera administrative,Typica,Natural / Dry,0.0000,mid,poor
Philippines,"davao city, region 11",Other,Washed / Wet,0.1400,mid,poor
Rwanda,gicumbi,Bourbon,Washed / Wet,0.1100,high,great
Taiwan,changhua baguashan,Typica,Semi-washed / Semi-pulped,0.1100,low,fair
Taiwan,changhua baguashan,Typica,Semi-washed / Semi-pulped,0.1100,low,fair
Taiwan,changhua baguashan,Typica,Semi-washed / Semi-pulped,0.1100,low,poor
Taiwan,changhua baguashan,Typica,Washed / Wet,0.1100,low,poor
Taiwan,changhua baguashan,Typica,Washed / Wet,0.1100,low,poor
Taiwan,chiayi,Typica,other,0.1100,mid,good
Taiwan,chiayi,Typica,Semi-washed / Semi-pulped,0.1100,low,poor
Taiwan,chiayi,Typica,Washed / Wet,0.1100,mid,fair
Taiwan,leye,Caturra,Natural / Dry,0.1000,mid,good
Taiwan,leye,Sumatra,Pulped natural / honey,0.0000,mid,great
Taiwan,leye,Typica,Washed / Wet,0.1100,mid,good
Taiwan,"mountain ali, taiwan",Typica,Washed / Wet,0.1100,mid,great
Taiwan,nantou,Typica,Natural / Dry,0.0000,low,poor
Taiwan,nantou,Typica,other,0.1100,low,poor
Taiwan,nantou,Typica,Semi-washed / Semi-pulped,0.1100,low,fair
Taiwan,nantou,Typica,Semi-washed / Semi-pulped,0.1100,low,poor
Taiwan,nantou,Typica,Washed / Wet,0.1100,low,fair
Taiwan,nantou,Typica,Washed / Wet,0.1100,low,poor
Taiwan,nantou,Typica,Washed / Wet,0.1100,low,fair
Taiwan,natou county,Bourbon,Semi-washed / Semi-pulped,0.1200,low,great
Taiwan,natou county,Bourbon,Washed / Wet,0.1000,low,fair
Taiwan,natou county,Typica,Semi-washed / Semi-pulped,0.1100,low,great
Taiwan,natou county,Typica,Semi-washed / Semi-pulped,0.0000,low,poor
Taiwan,natou county,Typica,Washed / Wet,0.1000,low,fair
Taiwan,natou county,Typica,Washed / Wet,0.1100,low,poor
Taiwan,natou county,Typica,Washed / Wet,0.1100,low,poor
Taiwan,taichung taiping,Typica,Washed / Wet,0.1100,low,poor
Taiwan,taichung xinshe,Typica,other,0.1100,low,fair
Taiwan,taichung xinshe,Typica,other,0.1100,low,good
Taiwan,taichung xinshe,Typica,other,0.1100,low,fair
Taiwan,taichung xinshe,Typica,Washed / Wet,0.1100,low,fair
Taiwan,taichung xinshe,Typica,Washed / Wet,0.1100,low,great
Taiwan,taichung xinshe,Yellow Bourbon,other,0.1100,low,poor
Taiwan,tainan city,Caturra,Natural / Dry,0.0900,low,great
Taiwan,tainan city,Typica,Natural / Dry,0.0000,low,good
Taiwan,tainan city,Typica,Natural / Dry,0.0000,low,great
Taiwan,tainan city,Typica,Natural / Dry,0.1200,low,good
Taiwan,tainan city,Typica,Natural / Dry,0.0000,low,good
Taiwan,tainan city,Typica,Washed / Wet,0.1000,low,good
Taiwan,tainan city,Typica,Washed / Wet,0.0000,low,good
Taiwan,tainan city,Typica,Washed / Wet,0.0000,low,poor
Taiwan,tainan city,Typica,Washed / Wet,0.1200,low,poor
Taiwan,tainan city,Typica,Washed / Wet,0.0000,low,fair
Taiwan,tainan city,Typica,Washed / Wet,0.0900,low,fair
Taiwan,tainan city,Typica,Washed / Wet,0.1200,low,good
Taiwan,tainan city,Typica,Washed / Wet,0.1000,low,poor
Taiwan,tainan city,Typica,Washed / Wet,0.1000,low,poor
Taiwan,tainan city,Typica,Washed / Wet,0.1100,low,poor
Taiwan,tainan city,Yellow Bourbon,Natural / Dry,0.0000,low,good
Taiwan,tainan city,Yellow Bourbon,Washed / Wet,0.0000,low,poor
Taiwan,taiwan,Other,Natural / Dry,0.0000,low,poor
Taiwan,taiwan,Other,Washed / Wet,0.0000,low,poor
Tanzania,arusha,Arusha,Washed / Wet,0.1100,mid,fair
Tanzania,arusha,Other,Semi-washed / Semi-pulped,0.1200,high,good
Tanzania,arusha,Other,Washed / Wet,0.1300,mid,good
Tanzania,arusha,Other,Washed / Wet,0.1200,mid,poor
Tanzania,arusha,Other,Washed / Wet,0.1200,mid,poor
Tanzania,arusha meru,Ruiru 11,Washed / Wet,0.1300,high,poor
Tanzania,ikand village,Other,Washed / Wet,0.1200,mid,fair
Tanzania,"ilomba vilage, mbozi",Other,Washed / Wet,0.1200,high,fair
Tanzania,"ilomba vilage, mbozi",Other,Washed / Wet,0.1200,high,poor
Tanzania,"iwala village, mbeya rural",Other,Washed / Wet,0.1300,mid,poor
Tanzania,karatu arusha,Other,Washed / Wet,0.1200,high,fair
Tanzania,karatu arusha,Other,Washed / Wet,0.1200,mid,fair
Tanzania,karatu ngorogoro,Other,Washed / Wet,0.1300,high,poor
Tanzania,karatu northern,Bourbon,Washed / Wet,0.1300,mid,good
Tanzania,kilimanjaro,Bourbon,Washed / Wet,0.1200,high,fair
Tanzania,kilimanjaro,Bourbon,Washed / Wet,0.1200,mid,poor
Tanzania,kilimanjaro,Other,Washed / Wet,0.1300,high,poor
Tanzania,"manyara, karatu",Other,Washed / Wet,0.1200,high,poor
Tanzania,mbeya,Other,Washed / Wet,0.1200,high,poor
Tanzania,mbeya,Other,Washed / Wet,0.1200,high,great
Tanzania,mbeya,Other,Washed / Wet,0.1200,mid,good
Tanzania,mbinga,Bourbon,Washed / Wet,0.1200,mid,poor
Tanzania,mbinga,Bourbon,Washed / Wet,0.1200,mid,fair
Tanzania,mbinga,Other,Washed / Wet,0.1300,high,good
Tanzania,mbinga,Other,Washed / Wet,0.1200,mid,poor
Tanzania,meru,Other,Washed / Wet,0.1200,mid,fair
Tanzania,mkuu rombo,Bourbon,Washed / Wet,0.1300,high,poor
Tanzania,moshi,Bourbon,Washed / Wet,0.1200,low,good
Tanzania,ngorogoro,Other,Washed / Wet,0.1200,mid,fair
Tanzania,ngorogoro,Other,Washed / Wet,0.1200,mid,fair
Tanzania,nkure- meru,Ruiru 11,Washed / Wet,0.1300,mid,good
Tanzania,northern,Other,Washed / Wet,0.1200,mid,fair
Tanzania,"oldeani , mongola",Other,Washed / Wet,0.1200,high,fair
Tanzania,ruvuma,Bourbon,Washed / Wet,0.1300,high,fair
Tanzania,"ruvuma, mbinga",Bourbon,Washed / Wet,0.1200,low,poor
Tanzania,shizingo village,Other,Washed / Wet,0.1200,high,good
Thailand,chiang rai,Caturra,Washed / Wet,0.1000,mid,great
Thailand,chiang rai thailand,Catimor,Natural / Dry,0.1200,mid,good
Thailand,chiangrai,Catimor,Natural / Dry,0.1000,mid,good
Thailand,chiangrai,Caturra,Washed / Wet,0.1200,mid,fair
Thailand,chiangrai,Caturra,Washed / Wet,0.1200,mid,good
Thailand,chiangrai,Caturra,Washed / Wet,0.1100,mid,fair
Thailand,phahi,Caturra,Washed / Wet,0.1100,mid,fair
Thailand,thailand,Catimor,Washed / Wet,0.1300,mid,good
Thailand,thailand,Other,Washed / Wet,0.1200,low,great
Thailand,thailand,Other,Washed / Wet,0.1200,low,poor
Uganda,eastern,SL14,Natural / Dry,0.1200,high,fair
Uganda,eastern,SL14,Natural / Dry,0.1200,high,poor
Uganda,eastern,SL14,Natural / Dry,0.1200,high,great
Uganda,eastern,SL14,Natural / Dry,0.1200,high,great
Uganda,eastern,SL14,Washed / Wet,0.1200,high,great
Uganda,eastern,SL14,Washed / Wet,0.1200,mid,great
Uganda,eastern,SL14,Washed / Wet,0.1100,high,great
Uganda,eastern,SL14,Washed / Wet,0.1100,high,good
Uganda,eastern,SL14,Washed / Wet,0.1200,high,good
Uganda,eastern,SL14,Washed / Wet,0.1100,high,good
Uganda,eastern,SL14,Washed / Wet,0.1000,high,good
Uganda,eastern,SL14,Washed / Wet,0.1200,high,fair
Uganda,kapchorwa,SL14,Washed / Wet,0.1200,high,good
Uganda,kapchorwa,SL14,Washed / Wet,0.1200,high,great
Uganda,kasese,Other,Natural / Dry,0.1300,high,good
Uganda,kasese,Other,Washed / Wet,0.1000,high,good
Uganda,"kasese, mt. rwenzori",Bourbon,Natural / Dry,0.1200,high,good
Uganda,"kasese, mt. rwenzori",Bourbon,Washed / Wet,0.1200,mid,good
Uganda,mbale,Other,Washed / Wet,0.1100,high,great
Uganda,mt elgon,SL14,Washed / Wet,0.1200,high,fair
Uganda,mt. rwenzori,Other,Washed / Wet,0.1100,mid,good
Uganda,"sipi, mt elgon",Other,Washed / Wet,0.1000,high,great
Uganda,west nile,Bourbon,Natural / Dry,0.1200,mid,great
Uganda,west nile,SL14,Washed / Wet,0.1200,mid,good
United States,antioquia,Other,Washed / Wet,0.0000,high,great
United States,antioquia,Other,Washed / Wet,0.0000,high,great
United States,antioquia,Other,Washed / Wet,0.0000,high,great
United States,antioquia,Other,Washed / Wet,0.0000,high,great
United States,antioquia,Other,Washed / Wet,0.0000,high,great
United States,antioquia,Other,Washed / Wet,0.0000,high,great
United States,central america,Pache Comun,Natural / Dry,0.0000,high,poor
United States,kona,Arusha,Natural / Dry,0.1300,low,poor
United States,kona,Hawaiian Kona,Natural / Dry,0.0000,low,great
United States,kona,Hawaiian Kona,Natural / Dry,0.1000,low,poor
United States,kona,Hawaiian Kona,Natural / Dry,0.1100,low,poor
United States,kona,Hawaiian Kona,Natural / Dry,0.0000,low,fair
United States,kona,Hawaiian Kona,Natural / Dry,0.0000,low,good
United States,kona,Hawaiian Kona,Natural / Dry,0.1100,low,good
United States,kona,Hawaiian Kona,Natural / Dry,0.1000,low,fair
United States,kona,Hawaiian Kona,Natural / Dry,0.1100,low,good
United States,kona,Hawaiian Kona,Natural / Dry,0.1100,low,fair
United States,kona,Hawaiian Kona,Natural / Dry,0.1200,low,good
United States,kona,Hawaiian Kona,Natural / Dry,0.1000,low,great
United States,kona,Hawaiian Kona,Natural / Dry,0.0000,low,good
United States,kona,Hawaiian Kona,Natural / Dry,0.1200,low,poor
United States,kona,Hawaiian Kona,Natural / Dry,0.1100,low,poor
United States,kona,Hawaiian Kona,Natural / Dry,0.1200,low,poor
United States,kona,Hawaiian Kona,Natural / Dry,0.1200,low,poor
United States,kona,Hawaiian Kona,Natural / Dry,0.1000,low,good
United States,kona,Hawaiian Kona,Natural / Dry,0.1100,low,fair
United States,kona,Hawaiian Kona,Natural / Dry,0.1100,low,poor
United States,kona,Hawaiian Kona,Natural / Dry,0.1200,low,poor
United States,kona,Hawaiian Kona,Natural / Dry,0.1200,low,good
United States,kona,Hawaiian Kona,Natural / Dry,0.1200,low,poor
United States,kona,Hawaiian Kona,Natural / Dry,0.0000,low,poor
United States,kona,Hawaiian Kona,Natural / Dry,0.0000,low,poor
United States,kona,Hawaiian Kona,Natural / Dry,0.0000,low,poor
United States,kona,Hawaiian Kona,Natural / Dry,0.0000,low,poor
United States,kona,Hawaiian Kona,Natural / Dry,0.1100,low,poor
United States,kona,Hawaiian Kona,Natural / Dry,0.1000,low,good
United States,kona,Hawaiian Kona,Natural / Dry,0.1000,low,great
United States,kona,Hawaiian Kona,Natural / Dry,0.0000,low,fair
United States,kona,Hawaiian Kona,Natural / Dry,0.1100,low,good
United States,kona,Hawaiian Kona,Natural / Dry,0.0000,low,great
United States,kona,Hawaiian Kona,Natural / Dry,0.0000,low,great
United States,kona,Hawaiian Kona,Natural / Dry,0.0000,low,great
United States,kona,Hawaiian Kona,Natural / Dry,0.1100,low,great
United States,kona,Hawaiian Kona,Natural / Dry,0.0000,low,good
United States,kona,Hawaiian Kona,Natural / Dry,0.1100,low,great
United States,kona,Hawaiian Kona,Natural / Dry,0.1100,low,great
United States,kona,Hawaiian Kona,Natural / Dry,0.1100,low,good
United States,kona,Hawaiian Kona,other,0.0000,low,great
United States,kona,Hawaiian Kona,other,0.0000,low,great
United States,kona,Hawaiian Kona,Washed / Wet,0.1200,low,good
United States,kona,Hawaiian Kona,Washed / Wet,0.1000,low,fair
United States,kona,Hawaiian Kona,Washed / Wet,0.1000,low,poor
United States,kona,Hawaiian Kona,Washed / Wet,0.0600,low,fair
United States,kona,Hawaiian Kona,Washed / Wet,0.1000,low,poor
United States,kona,Hawaiian Kona,Washed / Wet,0.1200,low,fair
United States,kona,Hawaiian Kona,Washed / Wet,0.1200,low,good
United States,kona,Hawaiian Kona,Washed / Wet,0.1200,low,fair
United States,kona,Hawaiian Kona,Washed / Wet,0.1000,low,fair
United States,yauco region,Other,Washed / Wet,0.1200,low,great
United States,yauco region,Other,Washed / Wet,0.0000,low,fair
United States,yauco region,Other,Washed / Wet,0.1300,low,poor
United States,yauco region,Other,Washed / Wet,0.0000,low,good
Vietnam,dala,Catimor,Natural / Dry,0.0700,mid,fair
Vietnam,dala,Catimor,other,0.0000,mid,poor
Vietnam,don duong,Other,Natural / Dry,0.1200,low,great
Vietnam,don duong,Other,Natural / Dry,0.0000,low,poor
Vietnam,vietnam,Caturra,Washed / Wet,0.1200,low,poor
Vietnam,vietnam cau dat,Caturra,other,0.0000,mid,good
Zambia,mubuyu estate,SL28,Washed / Wet,0.0000,mid,poor