country,variety,process,moisture,elevation,target
Brazil,Mundo Novo,Natural / Dry,0.1100,low,fair
Brazil,Bourbon,Semi-washed / Semi-pulped,0.0000,mid,fair
Brazil,Yellow Bourbon,Semi-washed / Semi-pulped,0.1200,mid,great
Brazil,Catuai,Natural / Dry,0.1100,low,fair
Brazil,Catuai,Natural / Dry,0.1100,low,poor
Brazil,Catuai,Natural / Dry,0.0000,mid,good
Brazil,Catuai,Natural / Dry,0.1200,low,great
Brazil,Catuai,Natural / Dry,0.1100,low,fair
Brazil,Catuai,Semi-washed / Semi-pulped,0.1100,low,fair
Brazil,Mundo Novo,Natural / Dry,0.0200,low,good
Brazil,Peaberry,Semi-washed / Semi-pulped,0.1100,low,fair
Brazil,Mundo Novo,Natural / Dry,0.1200,low,good
Brazil,Mundo Novo,Natural / Dry,0.1200,low,fair
Brazil,Mundo Novo,Natural / Dry,0.1200,low,great
Brazil,Yellow Bourbon,Semi-washed / Semi-pulped,0.1100,mid,good
Brazil,Catuai,Natural / Dry,0.0000,low,good
Brazil,Bourbon,Pulped natural / honey,0.1100,low,poor
Brazil,Yellow Bourbon,Natural / Dry,0.1200,mid,poor
Brazil,Yellow Bourbon,other,0.1200,mid,poor
Brazil,Yellow Bourbon,Semi-washed / Semi-pulped,0.1000,mid,fair
Brazil,Catuai,Natural / Dry,0.1100,low,good
Brazil,Catuai,Natural / Dry,0.1100,low,poor
Brazil,Catuai,Semi-washed / Semi-pulped,0.1100,low,great
Brazil,Catuai,Washed / Wet,0.0900,low,fair
Brazil,Mundo Novo,Natural / Dry,0.1100,low,good
Brazil,Mundo Novo,Natural / Dry,0.1100,low,great
Brazil,Mundo Novo,Natural / Dry,0.1100,low,good
Brazil,Catuai,Natural / Dry,0.1100,low,poor
Brazil,Mundo Novo,Natural / Dry,0.1100,low,fair
Brazil,Bourbon,Natural / Dry,0.1100,low,good
Brazil,Bourbon,Natural / Dry,0.1100,low,fair
Brazil,Bourbon,Natural / Dry,0.0000,low,fair
Brazil,Bourbon,Natural / Dry,0.1000,low,fair
Brazil,Bourbon,Natural / Dry,0.0000,low,good
Brazil,Bourbon,Natural / Dry,0.1100,low,good
Brazil,Bourbon,Natural / Dry,0.1100,low,fair
Brazil,Bourbon,Natural / Dry,0.1100,low,fair
Brazil,Bourbon,Natural / Dry,0.0700,mid,great
Brazil,Bourbon,Natural / Dry,0.1100,low,great
Brazil,Bourbon,Natural / Dry,0.1100,low,good
Brazil,Bourbon,Natural / Dry,0.1100,low,fair
Brazil,Bourbon,Natural / Dry,0.1100,low,good
Brazil,Bourbon,Natural / Dry,0.1100,low,poor
Brazil,Bourbon,Natural / Dry,0.1200,mid,great
Brazil,Bourbon,Natural / Dry,0.1100,mid,great
Brazil,Bourbon,Natural / Dry,0.0200,low,great
Brazil,Bourbon,Natural / Dry,0.0000,low,good
Brazil,Bourbon,Natural / Dry,0.1100,low,good
Brazil,Bourbon,Natural / Dry,0.0000,low,poor
Brazil,Bourbon,Natural / Dry,0.1100,low,good
Brazil,Bourbon,Natural / Dry,0.1100,low,great
Brazil,Bourbon,Natural / Dry,0.1100,low,good
Brazil,Bourbon,Natural / Dry,0.1100,low,good
Brazil,Bourbon,Natural / Dry,0.1100,low,fair
Brazil,Bourbon,Natural / Dry,0.0200,low,good
Brazil,Bourbon,Natural / Dry,0.0000,low,fair
Brazil,Bourbon,Natural / Dry,0.1100,low,good
Brazil,Bourbon,Natural / Dry,0.1100,low,good
Brazil,Bourbon,Natural / Dry,0.0000,low,good
Brazil,Bourbon,Semi-washed / Semi-pulped,0.1100,mid,great
Brazil,Bourbon,Semi-washed / Semi-pulped,0.1100,mid,great
Brazil,Bourbon,Semi-washed / Semi-pulped,0.0000,mid,good
Brazil,Bourbon,Semi-washed / Semi-pulped,0.1200,mid,good
Brazil,Bourbon,Semi-washed / Semi-pulped,0.1200,low,fair
Brazil,Bourbon,Semi-washed / Semi-pulped,0.0000,mid,poor
Brazil,Bourbon,Washed / Wet,0.1000,mid,fair
Brazil,Bourbon,Washed / Wet,0.0000,mid,great
Brazil,Catuai,Natural / Dry,0.1200,low,great
Brazil,Catuai,Semi-washed / Semi-pulped,0.1200,low,good
Brazil,Catuai,Semi-washed / Semi-pulped,0.1000,mid,great
Brazil,Catuai,Semi-washed / Semi-pulped,0.1200,low,good
Brazil,Mundo Novo,Natural / Dry,0.0000,low,fair
Brazil,Mundo Novo,Natural / Dry,0.1200,low,fair
Brazil,Mundo Novo,Natural / Dry,0.1200,low,good
Brazil,Mundo Novo,Natural / Dry,0.1200,low,poor
Brazil,Mundo Novo,Semi-washed / Semi-pulped,0.1200,low,fair
Brazil,Mundo Novo,Semi-washed / Semi-pulped,0.1200,low,fair
Brazil,Mundo Novo,Washed / Wet,0.1100,low,good
Brazil,Yellow Bourbon,Natural / Dry,0.0000,low,fair
Brazil,Yellow Bourbon,Natural / Dry,0.0000,low,great
Brazil,Yellow Bourbon,Natural / Dry,0.0000,mid,poor
Brazil,Yellow Bourbon,Natural / Dry,0.0000,low,good
Brazil,Yellow Bourbon,Natural / Dry,0.0000,low,good
Brazil,Yellow Bourbon,Natural / Dry,0.0000,low,poor
Brazil,Yellow Bourbon,Natural / Dry,0.1000,mid,fair
Brazil,Yellow Bourbon,Natural / Dry,0.0000,low,good
Brazil,Yellow Bourbon,Natural / Dry,0.0000,low,good
Brazil,Yellow Bourbon,Natural / Dry,0.0000,low,poor
Brazil,Yellow Bourbon,Natural / Dry,0.0000,low,good
Brazil,Yellow Bourbon,Natural / Dry,0.0000,low,fair
Brazil,Yellow Bourbon,Natural / Dry,0.0800,low,great
Brazil,Yellow Bourbon,Natural / Dry,0.0100,low,great
Brazil,Yellow Bourbon,Natural / Dry,0.1000,mid,great
Brazil,Yellow Bourbon,Natural / Dry,0.0000,low,good
Brazil,Yellow Bourbon,Pulped natural / honey,0.1100,low,good
Brazil,Yellow Bourbon,Pulped natural / honey,0.1100,low,fair
Brazil,Yellow Bourbon,Pulped natural / honey,0.1100,low,good
Brazil,Yellow Bourbon,Semi-washed / Semi-pulped,0.1200,mid,good
Brazil,Yellow Bourbon,Semi-washed / Semi-pulped,0.1100,mid,fair
Brazil,Yellow Bourbon,Semi-washed / Semi-pulped,0.0000,mid,fair
Brazil,Yellow Bourbon,Washed / Wet,0.1200,mid,fair
Brazil,Bourbon,Natural / Dry,0.1200,mid,great
Brazil,Bourbon,Semi-washed / Semi-pulped,0.1200,mid,great
Brazil,Yellow Bourbon,Natural / Dry,0.0000,mid,great
Brazil,Yellow Bourbon,Semi-washed / Semi-pulped,0.1100,mid,poor
Burundi,Bourbon,Washed / Wet,0.0000,high,good
China,Catimor,Washed / Wet,0.1000,mid,good
China,Catimor,Washed / Wet,0.1100,mid,good
China,Catimor,Pulped natural / honey,0.1200,mid,good
China,Catimor,Natural / Dry,0.1000,low,fair
China,Catimor,Natural / Dry,0.1000,high,great
China,Catimor,Natural / Dry,0.1000,mid,great
China,Catimor,Washed / Wet,0.1000,mid,great
China,Catimor,Washed / Wet,0.1000,high,great
China,Catimor,Washed / Wet,0.1000,mid,fair
China,Catimor,Washed / Wet,0.1000,high,good
China,Catimor,Washed / Wet,0.1000,low,good
China,Catimor,Washed / Wet,0.1100,mid,good
China,Other,Washed / Wet,0.0000,low,great
China,Other,Washed / Wet,0.1700,high,poor
China,Typica,Washed / Wet,0.0000,high,poor
China,Typica,Washed / Wet,0.1000,mid,poor
Colombia,Caturra,Washed / Wet,0.1000,mid,poor
Colombia,Caturra,Washed / Wet,0.1000,mid,poor
Colombia,Other,Washed / Wet,0.1100,mid,good
Colombia,Caturra,Washed / Wet,0.1100,high,fair
Colombia,Caturra,Washed / Wet,0.1100,high,great
Colombia,Other,Washed / Wet,0.1200,high,good
Colombia,Other,Washed / Wet,0.1200,high,good
Colombia,Caturra,Natural / Dry,0.1100,high,great
Colombia,Caturra,Natural / Dry,0.0000,mid,good
Colombia,Caturra,Natural / Dry,0.1100,high,good
Colombia,Caturra,Washed / Wet,0.0000,high,good
Colombia,Caturra,Washed / Wet,0.0000,high,good
Colombia,Caturra,Washed / Wet,0.1100,mid,good
Colombia,Caturra,Washed / Wet,0.0000,high,good
Colombia,Caturra,Washed / Wet,0.0000,mid,fair
Colombia,Caturra,Natural / Dry,0.0000,mid,good
Colombia,Caturra,Washed / Wet,0.1100,mid,good
Colombia,Caturra,Washed / Wet,0.1100,mid,good
Colombia,Caturra,Washed / Wet,0.0000,mid,fair
Colombia,Caturra,Natural / Dry,0.1100,high,fair
Colombia,Caturra,Natural / Dry,0.0000,low,good
Colombia,Caturra,Natural / Dry,0.1200,low,good
Colombia,Caturra,Natural / Dry,0.0000,low,good
Colombia,Caturra,Natural / Dry,0.0000,high,fair
Colombia,Caturra,Natural / Dry,0.1100,low,good
Colombia,Caturra,Natural / Dry,0.1200,low,good
Colombia,Caturra,Natural / Dry,0.0000,low,poor
Colombia,Caturra,Natural / Dry,0.0000,low,good
Colombia,Caturra,Washed / Wet,0.1100,high,fair
Colombia,Caturra,Washed / Wet,0.0000,high,good
Colombia,Caturra,Washed / Wet,0.1100,high,good
Colombia,Caturra,Washed / Wet,0.1100,high,good
Colombia,Caturra,Washed / Wet,0.1100,high,poor
Colombia,Caturra,Washed / Wet,0.1100,high,fair
Colombia,Caturra,Washed / Wet,0.1100,high,fair
Colombia,Caturra,Washed / Wet,0.1100,high,fair
Colombia,Caturra,Washed / Wet,0.1100,high,fair
Colombia,Caturra,Washed / Wet,0.1100,high,fair
Colombia,Caturra,Washed / Wet,0.1100,high,fair
Colombia,Caturra,Washed / Wet,0.0000,high,good
Colombia,Caturra,Washed / Wet,0.0000,high,fair
Colombia,Caturra,Washed / Wet,0.1200,high,fair
Colombia,Caturra,Washed / Wet,0.1100,high,poor
Colombia,Caturra,Washed / Wet,0.0000,high,poor
Colombia,Caturra,Washed / Wet,0.0000,high,good
Colombia,Caturra,Washed / Wet,0.1100,high,poor
Colombia,Caturra,Washed / Wet,0.1100,high,good
Colombia,Caturra,Washed / Wet,0.1100,low,great
Colombia,Caturra,Washed / Wet,0.0000,high,good
Colombia,Caturra,Washed / Wet,0.0000,high,good
Colombia,Caturra,Washed / Wet,0.1100,high,good
Colombia,Caturra,Washed / Wet,0.1100,high,good
Colombia,Caturra,Washed / Wet,0.0000,high,good
Colombia,Caturra,Washed / Wet,0.1100,high,good
Colombia,Caturra,Washed / Wet,0.1100,high,good
Colombia,Caturra,Washed / Wet,0.1200,high,good
Colombia,Caturra,Washed / Wet,0.1100,high,good
Colombia,Caturra,Washed / Wet,0.1200,high,good
Colombia,Caturra,Washed / Wet,0.1100,high,good
Colombia,Caturra,Washed / Wet,0.0000,high,good
Colombia,Caturra,Washed / Wet,0.1100,high,good
Colombia,Caturra,Washed / Wet,0.1100,high,good
Colombia,Caturra,Washed / Wet,0.0000,low,good
Colombia,Caturra,Washed / Wet,0.1100,low,good
Colombia,Caturra,Washed / Wet,0.1200,high,good
Colombia,Caturra,Washed / Wet,0.0000,high,fair
Colombia,Caturra,Washed / Wet,0.0000,high,good
Colombia,Caturra,Washed / Wet,0.0000,high,good
Colombia,Caturra,Washed / Wet,0.1100,high,fair
Colombia,Caturra,Washed / Wet,0.1200,low,good
Colombia,Caturra,Washed / Wet,0.0000,high,fair
Colombia,Caturra,Washed / Wet,0.1100,high,fair
Colombia,Caturra,Washed / Wet,0.1100,high,good
Colombia,Caturra,Washed / Wet,0.0000,high,fair
Colombia,Caturra,Washed / Wet,0.1100,high,fair
Colombia,Caturra,Washed / Wet,0.0000,high,fair
Colombia,Caturra,Washed / Wet,0.1100,high,fair
Colombia,Caturra,Washed / Wet,0.0000,high,good
Colombia,Caturra,Washed / Wet,0.1100,high,good
Colombia,Caturra,Washed / Wet,0.1100,high,fair
Colombia,Caturra,Washed / Wet,0.0000,high,fair
Colombia,Caturra,Washed / Wet,0.0000,high,fair
Colombia,Caturra,Washed / Wet,0.0000,high,poor
Colombia,Caturra,Washed / Wet,0.0000,high,great
Colombia,Caturra,Washed / Wet,0.0000,high,great
Colombia,Caturra,Washed / Wet,0.0000,high,great
Colombia,Caturra,Washed / Wet,0.1200,high,great
Colombia,Caturra,Washed / Wet,0.1100,high,great
Colombia,Caturra,Washed / Wet,0.0000,high,great
Colombia,Caturra,Washed / Wet,0.0000,high,good
Colombia,Caturra,Washed / Wet,0.0000,high,great
Colombia,Caturra,Washed / Wet,0.1100,high,good
Colombia,Caturra,Washed / Wet,0.0000,high,good
Colombia,Caturra,Washed / Wet,0.0000,high,good
Colombia,Caturra,Washed / Wet,0.0000,high,good
Colombia,Caturra,Washed / Wet,0.1100,high,good
Colombia,Caturra,Washed / Wet,0.1200,high,good
Colombia,Caturra,Washed / Wet,0.0000,high,good
Colombia,Caturra,Washed / Wet,0.0000,high,fair
Colombia,Caturra,Washed / Wet,0.0000,high,good
Colombia,Caturra,Washed / Wet,0.0000,low,fair
Colombia,Caturra,Washed / Wet,0.0000,high,good
Colombia,Caturra,Washed / Wet,0.1200,high,good
Colombia,Caturra,Washed / Wet,0.0000,high,good
Colombia,Other,Washed / Wet,0.1200,mid,fair
Colombia,Other,Washed / Wet,0.1100,mid,good
Colombia,Other,Washed / Wet,0.0000,mid,fair
Colombia,Other,Washed / Wet,0.0000,mid,good
Colombia,Typica,Washed / Wet,0.1200,low,fair
Colombia,Caturra,Washed / Wet,0.0000,high,good
Colombia,Caturra,Washed / Wet,0.1100,high,good
Colombia,Caturra,Washed / Wet,0.1200,high,good
Colombia,Caturra,Natural / Dry,0.1100,high,good
Colombia,Caturra,Washed / Wet,0.0000,high,good
Colombia,Caturra,Natural / Dry,0.0000,high,great
Colombia,Caturra,Washed / Wet,0.0000,mid,poor
Colombia,Caturra,Natural / Dry,0.0000,low,good
Colombia,Caturra,Natural / Dry,0.1100,low,good
Colombia,Caturra,Natural / Dry,0.1100,low,good
Colombia,Caturra,Natural / Dry,0.0000,low,good
Colombia,Caturra,Natural / Dry,0.1200,mid,great
Colombia,Caturra,Natural / Dry,0.1200,mid,fair
Colombia,Caturra,Natural / Dry,0.1200,mid,great
Colombia,Caturra,Natural / Dry,0.0000,mid,fair
Colombia,Caturra,Washed / Wet,0.1200,mid,good
Colombia,Caturra,Washed / Wet,0.0000,mid,good
Colombia,Caturra,Washed / Wet,0.1100,high,good
Colombia,Caturra,Washed / Wet,0.1100,mid,great
Colombia,Caturra,Washed / Wet,0.0000,mid,great
Colombia,Caturra,Washed / Wet,0.0000,mid,good
Colombia,Other,Washed / Wet,0.0000,mid,good
Colombia,Typica,Natural / Dry,0.0000,high,fair
Colombia,Caturra,Washed / Wet,0.0000,high,good
Colombia,Caturra,Washed / Wet,0.1200,mid,great
Costa Rica,Catuai,Washed / Wet,0.1000,low,fair
Costa Rica,Catuai,Washed / Wet,0.1100,mid,fair
Costa Rica,Catuai,Washed / Wet,0.1000,mid,poor
Costa Rica,Catuai,Washed / Wet,0.1100,mid,poor
Costa Rica,Catuai,Washed / Wet,0.1000,mid,fair
Costa Rica,Catuai,Washed / Wet,0.1100,mid,good
Costa Rica,Catuai,Washed / Wet,0.1000,mid,poor
Costa Rica,Catuai,Washed / Wet,0.1100,mid,good
Costa Rica,Caturra,Washed / Wet,0.1300,mid,poor
Costa Rica,Caturra,Washed / Wet,0.1200,mid,poor
Costa Rica,Caturra,Washed / Wet,0.1200,mid,poor
Costa Rica,Caturra,Washed / Wet,0.1100,mid,poor
Costa Rica,Caturra,Washed / Wet,0.1100,mid,poor
Costa Rica,Caturra,Washed / Wet,0.1100,mid,great
Costa Rica,Caturra,Washed / Wet,0.1000,mid,good
Costa Rica,Caturra,Washed / Wet,0.1200,mid,good
Costa Rica,Catuai,Pulped natural / honey,0.1100,high,fair
Costa Rica,Catuai,Pulped natural / honey,0.0000,high,poor
Costa Rica,Catuai,Washed / Wet,0.0000,mid,poor
Costa Rica,Catuai,Washed / Wet,0.1200,high,great
Costa Rica,Catuai,Washed / Wet,0.1000,mid,good
Costa Rica,Caturra,Washed / Wet,0.1200,high,great
Costa Rica,Caturra,Washed / Wet,0.1100,high,great
Costa Rica,Caturra,Washed / Wet,0.1000,mid,great
Costa Rica,Caturra,Washed / Wet,0.0900,high,good
Costa Rica,Caturra,Washed / Wet,0.0000,high,good
Costa Rica,Caturra,Washed / Wet,0.0000,high,good
Costa Rica,Caturra,Washed / Wet,0.1100,high,poor
Costa Rica,Caturra,Washed / Wet,0.1100,low,fair
Costa Rica,Caturra,Washed / Wet,0.0000,high,fair
Costa Rica,Caturra,Washed / Wet,0.0900,high,fair
Costa Rica,Caturra,Washed / Wet,0.0900,high,fair
Costa Rica,Caturra,Washed / Wet,0.1000,high,fair
Costa Rica,Bourbon,Semi-washed / Semi-pulped,0.1200,mid,great
Costa Rica,Caturra,Washed / Wet,0.0000,mid,fair
Costa Rica,Caturra,Washed / Wet,0.0900,mid,fair
Costa Rica,Caturra,Washed / Wet,0.1100,mid,fair
Costa Rica,Caturra,Washed / Wet,0.1200,low,fair
Costa Rica,Caturra,Washed / Wet,0.1100,low,poor
Costa Rica,Caturra,Washed / Wet,0.1000,mid,good
Costa Rica,Caturra,Washed / Wet,0.0000,mid,great
Costa Rica,Catuai,Washed / Wet,0.1100,mid,good
Costa Rica,Caturra,Washed / Wet,0.0000,mid,great
El Salvador,Bourbon,Natural / Dry,0.1100,mid,great
El Salvador,Bourbon,Washed / Wet,0.1000,mid,great
El Salvador,Bourbon,Washed / Wet,0.0000,mid,great
El Salvador,Bourbon,Washed / Wet,0.1200,mid,good
El Salvador,Bourbon,Washed / Wet,0.0000,mid,poor
El Salvador,Bourbon,Washed / Wet,0.1100,mid,fair
El Salvador,Bourbon,Washed / Wet,0.0000,mid,fair
El Salvador,Bourbon,Washed / Wet,0.0000,mid,fair
El Salvador,Bourbon,Semi-washed / Semi-pulped,0.1100,mid,great
El Salvador,Bourbon,Washed / Wet,0.0000,mid,poor
El Salvador,Bourbon,Washed / Wet,0.0000,mid,good
El Salvador,Bourbon,Washed / Wet,0.0000,mid,poor
El Salvador,Bourbon,Washed / Wet,0.1100,mid,good
El Salvador,Pacas,Washed / Wet,0.0000,mid,good
El Salvador,Pacas,Washed / Wet,0.0000,mid,good
Ethiopia,Other,Natural / Dry,0.0900,high,great
Ethiopia,Ethiopian Heirlooms,Washed / Wet,0.1200,high,great
Ethiopia,Ethiopian Heirlooms,Washed / Wet,0.1200,high,great
Ethiopia,Ethiopian Heirlooms,Washed / Wet,0.1200,high,great
Ethiopia,Ethiopian Heirlooms,Washed / Wet,0.0000,high,good
Ethiopia,Gesha,Natural / Dry,0.1000,high,great
Ethiopia,Gesha,Natural / Dry,0.1000,high,great
Ethiopia,oromia,Natural / Dry,0.1100,high,great
Ethiopia,oromia,Natural / Dry,0.0300,high,great
Ethiopia,oromia,Natural / Dry,0.0300,high,great
Ethiopia,oromia,Natural / Dry,0.1000,high,great
Ethiopia,oromia,Natural / Dry,0.0500,high,great
Ethiopia,oromia,Natural / Dry,0.1000,high,great
Ethiopia,oromia,Natural / Dry,0.1200,high,great
Ethiopia,oromia,Natural / Dry,0.1200,high,good
Ethiopia,oromia,Natural / Dry,0.1000,mid,good
Ethiopia,oromia,Washed / Wet,0.1000,high,great
Ethiopia,oromia,Washed / Wet,0.1000,high,great
Ethiopia,Gesha,Natural / Dry,0.1100,high,good
Ethiopia,yirgacheffe,Natural / Dry,0.0100,high,great
Ethiopia,yirgacheffe,Natural / Dry,0.1000,high,great
Ethiopia,yirgacheffe,Natural / Dry,0.1000,high,great
Ethiopia,yirgacheffe,Natural / Dry,0.2000,high,good
Ethiopia,yirgacheffe,Natural / Dry,0.0900,mid,good
Ethiopia,yirgacheffe,Washed / Wet,0.1000,high,great
Ethiopia,yirgacheffe,Washed / Wet,0.0000,high,good
Guatemala,Bourbon,Washed / Wet,0.1200,mid,great
Guatemala,Bourbon,Washed / Wet,0.1000,mid,great
Guatemala,Bourbon,Washed / Wet,0.1200,mid,great
Guatemala,Bourbon,Washed / Wet,0.1000,mid,good
Guatemala,Bourbon,Washed / Wet,0.1100,mid,good
Guatemala,Bourbon,Washed / Wet,0.1100,mid,good
Guatemala,Bourbon,Washed / Wet,0.1100,mid,good
Guatemala,Bourbon,Washed / Wet,0.1000,mid,good
Guatemala,Bourbon,Washed / Wet,0.1000,mid,fair
Guatemala,Bourbon,Washed / Wet,0.1000,mid,good
Guatemala,Bourbon,Washed / Wet,0.1100,mid,fair
Guatemala,Bourbon,Washed / Wet,0.1100,mid,fair
Guatemala,Caturra,Natural / Dry,0.1000,mid,great
Guatemala,Caturra,Washed / Wet,0.1000,mid,good
Guatemala,Caturra,Washed / Wet,0.1000,mid,good
Guatemala,Caturra,Washed / Wet,0.1100,mid,good
Guatemala,Caturra,Washed / Wet,0.1100,mid,good
Guatemala,Caturra,Washed / Wet,0.1100,mid,good
Guatemala,Bourbon,Washed / Wet,0.0900,mid,fair
Guatemala,Caturra,Washed / Wet,0.1000,mid,fair
Guatemala,Caturra,Washed / Wet,0.1000,mid,good
Guatemala,Caturra,Washed / Wet,0.1000,mid,fair
Guatemala,Bourbon,Washed / Wet,0.1200,low,good
Guatemala,Bourbon,Washed / Wet,0.1200,low,fair
Guatemala,Catuai,Washed / Wet,0.1100,mid,good
Guatemala,Bourbon,Natural / Dry,0.1100,mid,fair
Guatemala,Bourbon,Washed / Wet,0.1200,high,fair
Guatemala,Bourbon,Washed / Wet,0.1000,mid,fair
Guatemala,Bourbon,Washed / Wet,0.1100,high,good
Guatemala,Bourbon,Washed / Wet,0.1000,high,fair
Guatemala,Bourbon,Washed / Wet,0.1100,high,great
Guatemala,Caturra,Washed / Wet,0.0000,mid,great
Guatemala,Caturra,Washed / Wet,0.1000,low,great
Guatemala,Caturra,Washed / Wet,0.1100,mid,good
Guatemala,Caturra,Washed / Wet,0.1200,high,great
Guatemala,Caturra,Washed / Wet,0.1100,mid,good
Guatemala,Caturra,Washed / Wet,0.1200,high,poor
Guatemala,Pacamara,Natural / Dry,0.1100,high,good
Guatemala,Pacamara,Washed / Wet,0.0900,high,fair
Guatemala,Bourbon,Washed / Wet,0.1100,high,good
Guatemala,Bourbon,Washed / Wet,0.1100,high,fair
Guatemala,Pacas,Washed / Wet,0.1300,mid,fair
Guatemala,Pacas,Washed / Wet,0.1200,mid,good
Guatemala,Pacas,Washed / Wet,0.1100,mid,great
Guatemala,Pacas,Washed / Wet,0.1200,mid,fair
Guatemala,Bourbon,Washed / Wet,0.1000,mid,good
Guatemala,Bourbon,Washed / Wet,0.1000,high,fair
Guatemala,Bourbon,Washed / Wet,0.0900,high,poor
Guatemala,Bourbon,Washed / Wet,0.1000,high,great
Guatemala,Catuai,Washed / Wet,0.1000,mid,great
Guatemala,Catuai,Washed / Wet,0.1100,mid,good
Guatemala,Catuai,Washed / Wet,0.1100,mid,good
Guatemala,Catuai,Washed / Wet,0.1100,mid,poor
Guatemala,Catuai,Washed / Wet,0.1000,mid,poor
Guatemala,Pacas,Washed / Wet,0.1100,mid,fair
Guatemala,Pacas,Washed / Wet,0.1100,high,good
Guatemala,Bourbon,Washed / Wet,0.1100,mid,poor
Guatemala,Caturra,Washed / Wet,0.1100,mid,poor
Guatemala,Bourbon,Natural / Dry,0.1000,mid,great
Guatemala,Bourbon,Natural / Dry,0.1000,mid,good
Guatemala,Bourbon,other,0.1000,mid,great
Guatemala,Bourbon,other,0.1000,mid,great
Guatemala,Bourbon,Washed / Wet,0.1100,mid,great
Guatemala,Bourbon,Washed / Wet,0.0900,mid,great
Guatemala,Bourbon,Washed / Wet,0.1100,mid,great
Guatemala,Bourbon,Washed / Wet,0.1100,mid,good
Guatemala,Bourbon,Washed / Wet,0.1000,mid,great
Guatemala,Bourbon,Washed / Wet,0.1100,mid,great
Guatemala,Bourbon,Washed / Wet,0.1200,mid,good
Guatemala,Bourbon,Washed / Wet,0.1100,mid,good
Guatemala,Bourbon,Washed / Wet,0.1100,mid,great
Guatemala,Bourbon,Washed / Wet,0.1000,mid,good
Guatemala,Bourbon,Washed / Wet,0.0000,mid,fair
Guatemala,Bourbon,Washed / Wet,0.1100,mid,fair
Guatemala,Bourbon,Washed / Wet,0.1100,mid,good
Guatemala,Bourbon,Washed / Wet,0.1100,mid,good
Guatemala,Bourbon,Washed / Wet,0.1000,high,good
Guatemala,Bourbon,Washed / Wet,0.1200,high,good
Guatemala,Bourbon,Washed / Wet,0.1100,mid,great
Guatemala,Bourbon,Washed / Wet,0.0000,mid,fair
Guatemala,Bourbon,Washed / Wet,0.1000,low,fair
Guatemala,Bourbon,Washed / Wet,0.1100,mid,good
Guatemala,Bourbon,Washed / Wet,0.1200,mid,poor
Guatemala,Bourbon,Washed / Wet,0.1200,mid,poor
Guatemala,Bourbon,Washed / Wet,0.1100,mid,poor
Guatemala,Bourbon,Washed / Wet,0.1000,high,good
Guatemala,Bourbon,Washed / Wet,0.1100,mid,poor
Guatemala,Bourbon,Washed / Wet,0.1100,mid,good
Guatemala,Bourbon,Washed / Wet,0.1100,mid,good
Guatemala,Bourbon,Washed / Wet,0.1000,mid,good
Guatemala,Bourbon,Washed / Wet,0.1000,mid,fair
Guatemala,Bourbon,Washed / Wet,0.1000,mid,fair
Guatemala,Bourbon,Washed / Wet,0.1200,mid,fair
Guatemala,Bourbon,Washed / Wet,0.1100,mid,good
Guatemala,Bourbon,Washed / Wet,0.1200,mid,fair
Guatemala,Bourbon,Washed / Wet,0.1000,mid,good
Guatemala,Bourbon,Washed / Wet,0.0000,mid,poor
Guatemala,Bourbon,Washed / Wet,0.1000,high,fair
Guatemala,Bourbon,Washed / Wet,0.1100,mid,poor
Guatemala,Bourbon,Washed / Wet,0.1100,mid,poor
Guatemala,Bourbon,Washed / Wet,0.1000,mid,fair
Guatemala,Bourbon,Washed / Wet,0.1100,mid,poor
Guatemala,Bourbon,Washed / Wet,0.1000,mid,poor
Guatemala,Bourbon,Washed / Wet,0.1200,mid,poor
Guatemala,Bourbon,Washed / Wet,0.1100,mid,poor
Guatemala,Bourbon,Washed / Wet,0.1100,mid,poor
Guatemala,Bourbon,Washed / Wet,0.1100,mid,poor
Guatemala,Bourbon,Washed / Wet,0.1100,mid,poor
Guatemala,Bourbon,Washed / Wet,0.1100,mid,poor
Guatemala,Bourbon,Washed / Wet,0.1100,mid,good
Guatemala,Bourbon,Washed / Wet,0.1100,mid,poor
Guatemala,Caturra,Natural / Dry,0.1100,mid,great
Guatemala,Caturra,Washed / Wet,0.1100,mid,poor
Guatemala,Caturra,Washed / Wet,0.1200,mid,poor
Guatemala,Caturra,Washed / Wet,0.1200,mid,good
Guatemala,Other,Washed / Wet,0.1000,mid,poor
Guatemala,Other,Washed / Wet,0.1200,mid,poor
Guatemala,Other,Washed / Wet,0.1200,mid,poor
Guatemala,Other,Washed / Wet,0.1000,mid,poor
Guatemala,Other,Washed / Wet,0.1000,mid,poor
Guatemala,Other,Washed / Wet,0.1000,mid,poor
Guatemala,Other,Washed / Wet,0.1200,mid,fair
Guatemala,Other,Washed / Wet,0.1100,mid,poor
Guatemala,Caturra,Washed / Wet,0.1100,mid,good
Guatemala,Caturra,Washed / Wet,0.1000,mid,fair
Guatemala,Caturra,Washed / Wet,0.1100,mid,poor
Guatemala,Bourbon,Washed / Wet,0.1000,mid,fair
Guatemala,Bourbon,Washed / Wet,0.1200,mid,poor
Guatemala,Bourbon,Washed / Wet,0.1100,high,fair
Guatemala,Bourbon,Washed / Wet,0.1000,high,fair
Guatemala,Bourbon,Washed / Wet,0.1000,high,good
Guatemala,Bourbon,Washed / Wet,0.1300,high,great
Guatemala,Bourbon,Washed / Wet,0.1100,high,good
Guatemala,Bourbon,Washed / Wet,0.1100,high,good
Guatemala,Bourbon,Washed / Wet,0.1000,high,fair
Guatemala,Bourbon,Washed / Wet,0.1200,high,good
Guatemala,Bourbon,Washed / Wet,0.1000,high,poor
Guatemala,Bourbon,Washed / Wet,0.1000,high,good
Guatemala,Catuai,Washed / Wet,0.1000,mid,poor
Guatemala,Catuai,Washed / Wet,0.0900,mid,great
Guatemala,Bourbon,Washed / Wet,0.1200,mid,poor
Guatemala,Bourbon,Washed / Wet,0.1000,mid,good
Guatemala,Bourbon,Washed / Wet,0.1000,mid,fair
Guatemala,Bourbon,Washed / Wet,0.1000,mid,fair
Guatemala,Bourbon,Washed / Wet,0.1100,mid,fair
Guatemala,Caturra,Washed / Wet,0.1000,low,good
Guatemala,Caturra,Washed / Wet,0.1100,high,good
Guatemala,Caturra,Washed / Wet,0.1000,mid,poor
Guatemala,Caturra,Washed / Wet,0.1000,mid,great
Haiti,Typica,Natural / Dry,0.1400,low,poor
Haiti,Blue Mountain,Washed / Wet,0.1100,low,poor
Haiti,Typica,Washed / Wet,0.1000,low,poor
Haiti,Typica,Washed / Wet,0.1200,low,poor
Haiti,Typica,Washed / Wet,0.1100,mid,fair
Honduras,Catuai,Natural / Dry,0.1300,mid,poor
Honduras,Catuai,Natural / Dry,0.1300,mid,poor
Honduras,Catuai,Washed / Wet,0.1100,mid,great
Honduras,Caturra,Natural / Dry,0.1000,mid,fair
Honduras,Caturra,Natural / Dry,0.1100,mid,good
Honduras,Caturra,Natural / Dry,0.0900,mid,fair
Honduras,Caturra,Natural / Dry,0.1000,mid,fair
Honduras,Caturra,Natural / Dry,0.1000,mid,poor
Honduras,Caturra,Natural / Dry,0.1000,mid,poor
Honduras,Caturra,Washed / Wet,0.1000,mid,fair
Honduras,Caturra,Washed / Wet,0.1100,mid,fair
Honduras,Caturra,Washed / Wet,0.1000,mid,fair
Honduras,Caturra,Washed / Wet,0.1000,mid,great
Honduras,Caturra,Washed / Wet,0.1000,mid,good
Honduras,Caturra,Washed / Wet,0.1000,mid,good
Honduras,Caturra,Washed / Wet,0.1100,mid,fair
Honduras,Caturra,Washed / Wet,0.1200,mid,fair
Honduras,Other,Washed / Wet,0.1200,mid,good
Honduras,Caturra,Washed / Wet,0.1200,mid,fair
Honduras,Caturra,Natural / Dry,0.1000,mid,fair
Honduras,Pacas,Natural / Dry,0.1100,mid,poor
Honduras,Pacas,Natural / Dry,0.1100,mid,poor
Honduras,Pacas,Washed / Wet,0.1100,mid,poor
Honduras,Pacas,Washed / Wet,0.1100,mid,poor
Honduras,Catuai,Washed / Wet,0.1100,mid,poor
Honduras,Catuai,Washed / Wet,0.1000,mid,poor
Honduras,Catuai,Washed / Wet,0.1000,mid,poor
Honduras,Catuai,Washed / Wet,0.1000,mid,poor
Honduras,Catuai,Washed / Wet,0.1100,mid,fair
Honduras,Catuai,Washed / Wet,0.1100,mid,fair
Honduras,Catuai,Washed / Wet,0.1200,mid,fair
Honduras,Catuai,Washed / Wet,0.1100,mid,fair
Honduras,Catuai,Washed / Wet,0.1200,mid,poor
Honduras,Catuai,Washed / Wet,0.0900,mid,fair
Honduras,Catuai,Washed / Wet,0.1200,mid,poor
Honduras,Catuai,Washed / Wet,0.0900,mid,poor
Honduras,Catuai,Washed / Wet,0.1100,mid,good
Honduras,Catuai,Washed / Wet,0.1100,mid,good
Honduras,Caturra,Washed / Wet,0.1100,mid,poor
Honduras,Caturra,Washed / Wet,0.1100,mid,poor
Honduras,Catuai,Washed / Wet,0.1100,high,poor
Honduras,Catuai,Washed / Wet,0.1100,high,poor
Honduras,Catuai,Natural / Dry,0.1000,mid,fair
Honduras,Catuai,Washed / Wet,0.1200,mid,poor
Honduras,Caturra,Natural / Dry,0.1200,mid,poor
Honduras,Caturra,Natural / Dry,0.1100,mid,poor
Honduras,Catimor,Washed / Wet,0.1100,mid,fair
Indonesia,Typica,Semi-washed / Semi-pulped,0.1300,mid,good
Indonesia,Bourbon,Washed / Wet,0.1500,mid,fair
Indonesia,Other,Washed / Wet,0.1100,mid,good
Indonesia,Sumatra,Semi-washed / Semi-pulped,0.1300,mid,good
Indonesia,Typica,Washed / Wet,0.1200,mid,good
Indonesia,Java,Washed / Wet,0.1300,mid,poor
Indonesia,Other,Washed / Wet,0.1200,mid,poor
Indonesia,Other,Natural / Dry,0.1200,high,poor
Indonesia,Typica,other,0.1100,mid,fair
Indonesia,Sumatra Lintong,Semi-washed / Semi-pulped,0.1100,mid,great
Indonesia,Sulawesi,Wet Hulling,0.1200,mid,good
Indonesia,Sulawesi,Wet Hulling,0.0300,mid,great
Indonesia,Mandheling,other,0.0000,mid,good
Indonesia,Mandheling,Semi-washed / Semi-pulped,0.1300,mid,fair
Indonesia,Java,Washed / Wet,0.1200,mid,great
Kenya,SL34,Washed / Wet,0.0000,mid,great
Kenya,SL28,Washed / Wet,0.0000,high,good
Kenya,SL34,Washed / Wet,0.0000,mid,great
Kenya,SL34,Washed / Wet,0.0000,mid,great
Kenya,SL34,Washed / Wet,0.0000,mid,great
Kenya,SL28,Washed / Wet,0.0800,low,good
Kenya,SL28,Washed / Wet,0.1000,low,good
Kenya,SL28,Washed / Wet,0.1100,mid,good
Kenya,SL28,Washed / Wet,0.1100,high,great
Kenya,SL34,Washed / Wet,0.1100,mid,poor
Kenya,SL28,Natural / Dry,0.1000,high,great
Kenya,SL28,Washed / Wet,0.1100,high,good
Kenya,SL34,Washed / Wet,0.1200,high,great
Kenya,Peaberry,Washed / Wet,0.1000,high,great
Kenya,SL28,Natural / Dry,0.1100,high,great
Kenya,SL28,Washed / Wet,0.1100,high,great
Kenya,SL28,Washed / Wet,0.1100,high,great
Kenya,SL28,Washed / Wet,0.1100,high,good
Kenya,SL28,Washed / Wet,0.1100,high,good
Kenya,SL28,Washed / Wet,0.1000,high,good
Kenya,SL34,Washed / Wet,0.1300,high,great
Kenya,SL34,Washed / Wet,0.1100,high,good
Laos,Other,Washed / Wet,0.1200,mid,fair
Laos,Catimor,Washed / Wet,0.1300,mid,good
Laos,Catimor,Washed / Wet,0.0000,mid,poor
Malawi,Gesha,Washed / Wet,0.1300,mid,fair
Malawi,Gesha,Washed / Wet,0.1300,low,fair
Malawi,Gesha,Washed / Wet,0.1200,mid,fair
Malawi,Gesha,Washed / Wet,0.1200,mid,poor
Malawi,Gesha,Washed / Wet,0.1300,mid,poor
Malawi,Gesha,Washed / Wet,0.1200,mid,good
Malawi,Gesha,Washed / Wet,0.1200,mid,good
Malawi,Gesha,Washed / Wet,0.1300,mid,fair
Malawi,Gesha,Washed / Wet,0.1300,high,fair
Malawi,Caturra,Washed / Wet,0.1200,low,poor
Malawi,Caturra,Washed / Wet,0.1200,low,poor
Mexico,Typica,Washed / Wet,0.0000,low,good
Mexico,Typica,Washed / Wet,0.1200,low,good
Mexico,Typica,Washed / Wet,0.1400,low,poor
Mexico,Typica,Washed / Wet,0.1200,mid,fair
Mexico,Typica,Natural / Dry,0.1100,low,fair
Mexico,Typica,Natural / Dry,0.1200,mid,great
Mexico,Typica,Semi-washed / Semi-pulped,0.1100,mid,great
Mexico,Bourbon,Washed / Wet,0.1600,low,good
Mexico,Caturra,Washed / Wet,0.1100,low,poor
Mexico,Typica,Washed / Wet,0.1000,low,fair
Mexico,Typica,Semi-washed / Semi-pulped,0.1300,low,fair
Mexico,Bourbon,Washed / Wet,0.1200,mid,fair
Mexico,Bourbon,Washed / Wet,0.1200,mid,good
Mexico,Bourbon,Washed / Wet,0.1200,mid,good
Mexico,Bourbon,Washed / Wet,0.1200,mid,poor
Mexico,Bourbon,Washed / Wet,0.1300,low,poor
Mexico,Bourbon,Washed / Wet,0.1200,mid,poor
Mexico,Catuai,Washed / Wet,0.1100,mid,fair
Mexico,Caturra,Washed / Wet,0.1200,mid,good
Mexico,Other,Washed / Wet,0.0000,mid,good
Mexico,Typica,Washed / Wet,0.1200,mid,good
Mexico,Typica,Washed / Wet,0.1200,mid,fair
Mexico,Typica,Washed / Wet,0.1100,mid,good
Mexico,Typica,Washed / Wet,0.1200,high,poor
Mexico,Caturra,Washed / Wet,0.1200,mid,good
Mexico,Caturra,Washed / Wet,0.1200,mid,good
Mexico,Typica,Semi-washed / Semi-pulped,0.1100,low,poor
Mexico,Typica,Semi-washed / Semi-pulped,0.1100,low,good
Mexico,Typica,Washed / Wet,0.1400,mid,poor
Mexico,Bourbon,Washed / Wet,0.1100,mid,good
Mexico,Typica,Natural / Dry,0.1200,mid,poor
Mexico,Typica,Semi-washed / Semi-pulped,0.1100,mid,great
Mexico,Typica,Semi-washed / Semi-pulped,0.1200,mid,poor
Mexico,Typica,Washed / Wet,0.1100,mid,poor
Mexico,Typica,Washed / Wet,0.1200,mid,poor
Mexico,Typica,Washed / Wet,0.1300,mid,poor
Mexico,Typica,Washed / Wet,0.1300,low,poor
Mexico,Typica,Washed / Wet,0.1200,mid,poor
Mexico,Typica,Washed / Wet,0.1200,mid,poor
Mexico,Typica,Washed / Wet,0.1100,low,good
Mexico,Typica,Washed / Wet,0.1400,mid,good
Mexico,Typica,Washed / Wet,0.1300,mid,good
Mexico,Typica,Washed / Wet,0.1100,mid,fair
Mexico,Mundo Novo,Washed / Wet,0.0000,mid,poor
Mexico,Typica,Washed / Wet,0.1200,low,poor
Mexico,Typica,Washed / Wet,0.1300,low,fair
Mexico,Typica,Washed / Wet,0.1000,mid,good
Mexico,Typica,Washed / Wet,0.1200,mid,good
Mexico,Typica,Washed / Wet,0.1000,mid,good
Mexico,Typica,Washed / Wet,0.1100,low,poor
Mexico,Typica,Washed / Wet,0.1200,low,poor
Mexico,Typica,Natural / Dry,0.1200,mid,good
Mexico,Typica,Natural / Dry,0.1300,low,good
Mexico,Typica,Washed / Wet,0.1200,mid,poor
Mexico,Typica,Washed / Wet,0.1300,mid,good
Mexico,Typica,Washed / Wet,0.1400,mid,poor
Mexico,Typica,Washed / Wet,0.1200,mid,fair
Mexico,Bourbon,Washed / Wet,0.1200,low,fair
Mexico,Caturra,Washed / Wet,0.1200,low,good
Mexico,Typica,Washed / Wet,0.1300,mid,poor
Mexico,Caturra,Natural / Dry,0.1300,low,good
Mexico,Caturra,Washed / Wet,0.1300,low,poor
Mexico,Mundo Novo,Washed / Wet,0.1400,low,fair
Mexico,Typica,Washed / Wet,0.1200,mid,great
Mexico,Mundo Novo,Natural / Dry,0.1200,mid,poor
Mexico,Typica,Washed / Wet,0.1300,mid,poor
Mexico,Catuai,Washed / Wet,0.1100,low,poor
Mexico,Typica,Washed / Wet,0.1100,mid,great
Mexico,Typica,Natural / Dry,0.1500,low,good
Mexico,Bourbon,Washed / Wet,0.1100,low,poor
Mexico,Typica,Washed / Wet,0.1200,mid,good
Mexico,Bourbon,Washed / Wet,0.1000,mid,great
Mexico,Bourbon,Washed / Wet,0.1100,mid,fair
Mexico,Caturra,Washed / Wet,0.1200,mid,fair
Mexico,Caturra,Washed / Wet,0.1200,mid,poor
Mexico,Caturra,Washed / Wet,0.1200,mid,good
Mexico,Caturra,Washed / Wet,0.1300,mid,poor
Mexico,Caturra,Washed / Wet,0.1200,mid,poor
Mexico,Marigojipe,Natural / Dry,0.1100,mid,fair
Mexico,Other,Washed / Wet,0.1000,mid,fair
Mexico,Pacas,Natural / Dry,0.1100,mid,good
Mexico,Typica,Natural / Dry,0.1100,high,good
Mexico,Typica,Semi-washed / Semi-pulped,0.1100,high,fair
Mexico,Typica,Washed / Wet,0.1100,mid,good
Mexico,Typica,Washed / Wet,0.1200,mid,fair
Mexico,Typica,Washed / Wet,0.1200,high,fair
Mexico,Typica,Washed / Wet,0.1200,mid,fair
Mexico,Typica,Washed / Wet,0.1200,mid,fair
Mexico,Typica,Washed / Wet,0.1300,mid,poor
Mexico,Typica,Washed / Wet,0.1100,mid,good
Mexico,Typica,Washed / Wet,0.1200,mid,poor
Mexico,Typica,Washed / Wet,0.1200,mid,poor
Mexico,Typica,Washed / Wet,0.1200,mid,poor
Mexico,Typica,Washed / Wet,0.1100,mid,good
Mexico,Typica,Washed / Wet,0.1400,mid,great
Mexico,Typica,Natural / Dry,0.1100,mid,good
Mexico,Typica,Washed / Wet,0.1100,mid,fair
Mexico,Typica,Washed / Wet,0.0000,mid,great
Mexico,Caturra,Washed / Wet,0.1300,mid,poor
Mexico,Typica,Washed / Wet,0.1200,low,good
Mexico,Typica,Semi-washed / Semi-pulped,0.1100,low,fair
Mexico,Typica,Washed / Wet,0.1400,low,poor
Mexico,Catuai,Semi-washed / Semi-pulped,0.1300,mid,poor
Mexico,Other,Washed / Wet,0.1200,low,poor
Mexico,Other,Washed / Wet,0.1200,low,poor
Mexico,Other,Washed / Wet,0.1200,low,poor
Mexico,Other,Washed / Wet,0.1200,mid,poor
Mexico,Typica,Washed / Wet,0.1200,mid,fair
Mexico,Typica,Washed / Wet,0.1100,low,fair
Mexico,Typica,Washed / Wet,0.1100,low,poor
Mexico,Typica,Washed / Wet,0.1100,mid,poor
Mexico,Typica,Washed / Wet,0.1000,mid,good
Mexico,Mundo Novo,Washed / Wet,0.1100,mid,poor
Mexico,Bourbon,Washed / Wet,0.1200,mid,poor
Mexico,Bourbon,Natural / Dry,0.1000,mid,great
Mexico,Typica,Natural / Dry,0.1000,mid,good
Mexico,Typica,Washed / Wet,0.1100,mid,poor
Mexico,Typica,Washed / Wet,0.1000,low,poor
Mexico,Typica,Washed / Wet,0.1000,low,poor
Mexico,Bourbon,Washed / Wet,0.1300,mid,good
Mexico,Caturra,Semi-washed / Semi-pulped,0.1100,low,good
Mexico,Pacamara,Washed / Wet,0.1400,low,good
Mexico,Typica,Washed / Wet,0.1300,high,good
Mexico,Typica,Washed / Wet,0.1500,mid,good
Mexico,Typica,Washed / Wet,0.1300,high,fair
Mexico,Typica,Washed / Wet,0.1300,low,fair
Mexico,Other,Washed / Wet,0.1100,low,poor
Mexico,Typica,Semi-washed / Semi-pulped,0.1300,mid,good
Mexico,Typica,Semi-washed / Semi-pulped,0.1200,mid,great
Mexico,Other,Washed / Wet,0.1000,mid,good
Mexico,Typica,Washed / Wet,0.1100,mid,good
Mexico,Typica,Washed / Wet,0.1100,high,poor
Mexico,Typica,Washed / Wet,0.1100,mid,good
Mexico,Typica,Washed / Wet,0.1200,mid,poor
Mexico,Typica,Washed / Wet,0.0000,mid,poor
Mexico,Typica,Washed / Wet,0.0000,mid,good
Mexico,Caturra,Washed / Wet,0.1000,mid,poor
Mexico,Typica,Washed / Wet,0.1100,mid,great
Mexico,Typica,Washed / Wet,0.1200,low,poor
Mexico,Bourbon,Washed / Wet,0.0000,mid,poor
Mexico,Typica,Washed / Wet,0.0000,mid,poor
Mexico,Typica,Washed / Wet,0.1100,mid,fair
Mexico,Typica,Washed / Wet,0.1000,mid,poor
Mexico,Typica,Washed / Wet,0.1000,mid,poor
Mexico,Bourbon,Washed / Wet,0.1300,mid,fair
Mexico,Pacamara,Washed / Wet,0.1200,low,great
Mexico,Typica,Natural / Dry,0.1300,high,poor
Mexico,Typica,Washed / Wet,0.1300,high,fair
Mexico,Typica,Washed / Wet,0.1300,high,fair
Mexico,Typica,Washed / Wet,0.1300,mid,poor
Mexico,Catuai,Washed / Wet,0.1200,low,poor
Mexico,Bourbon,Washed / Wet,0.1300,low,fair
Mexico,Caturra,Washed / Wet,0.1300,low,poor
Mexico,Typica,Washed / Wet,0.1200,mid,poor
Mexico,Bourbon,Washed / Wet,0.1200,mid,poor
Mexico,Mundo Novo,Washed / Wet,0.1300,mid,fair
Mexico,Mundo Novo,Washed / Wet,0.1100,low,poor
Mexico,Pacamara,Washed / Wet,0.1100,low,poor
Mexico,Typica,Washed / Wet,0.1200,low,good
Mexico,Mundo Novo,Washed / Wet,0.1200,low,poor
Mexico,Pacamara,Washed / Wet,0.1200,mid,good
Mexico,Typica,Washed / Wet,0.1200,low,poor
Mexico,Typica,Washed / Wet,0.1200,high,good
Mexico,Typica,Washed / Wet,0.1300,high,good
Mexico,Bourbon,Washed / Wet,0.1200,mid,poor
Mexico,Bourbon,Washed / Wet,0.1100,mid,fair
Mexico,Bourbon,Washed / Wet,0.1100,low,poor
Mexico,Bourbon,Washed / Wet,0.1300,low,poor
Mexico,Bourbon,Washed / Wet,0.1200,mid,great
Mexico,Bourbon,Washed / Wet,0.1200,low,poor
Mexico,Bourbon,Washed / Wet,0.0000,low,poor
Mexico,Bourbon,Washed / Wet,0.1300,low,poor
Mexico,Bourbon,Washed / Wet,0.1100,high,poor
Mexico,Bourbon,Washed / Wet,0.1200,mid,good
Mexico,Bourbon,Washed / Wet,0.1200,mid,good
Mexico,Bourbon,Washed / Wet,0.1300,mid,good
Mexico,Bourbon,Washed / Wet,0.1300,mid,good
Mexico,Mundo Novo,Washed / Wet,0.1200,mid,good
Mexico,Mundo Novo,Washed / Wet,0.1100,mid,great
Mexico,Mundo Novo,Washed / Wet,0.1200,low,poor
Mexico,Mundo Novo,Washed / Wet,0.1100,mid,poor
Mexico,Other,Washed / Wet,0.1200,low,good
Mexico,Other,Washed / Wet,0.1200,low,poor
Mexico,Other,Washed / Wet,0.1200,high,good
Mexico,Pacamara,Washed / Wet,0.1400,mid,good
Mexico,Typica,Semi-washed / Semi-pulped,0.1400,mid,poor
Mexico,Typica,Washed / Wet,0.1200,mid,poor
Mexico,Typica,Washed / Wet,0.1400,mid,poor
Mexico,Typica,Washed / Wet,0.1200,mid,good
Mexico,Typica,Washed / Wet,0.1100,low,good
Mexico,Typica,Washed / Wet,0.1100,mid,fair
Mexico,Typica,Washed / Wet,0.0900,mid,great
Mexico,Typica,Washed / Wet,0.1200,low,poor
Mexico,Typica,Washed / Wet,0.1200,mid,poor
Mexico,Bourbon,Natural / Dry,0.1300,mid,good
Mexico,Caturra,Washed / Wet,0.1300,mid,poor
Mexico,Other,Washed / Wet,0.1300,mid,great
Mexico,Typica,Washed / Wet,0.1200,low,good
Mexico,Typica,Washed / Wet,0.1300,mid,poor
Mexico,Caturra,Washed / Wet,0.1100,mid,poor
Mexico,Typica,Washed / Wet,0.1200,low,fair
Mexico,Typica,Washed / Wet,0.1200,low,good
Mexico,Typica,Washed / Wet,0.1300,low,poor
Mexico,Typica,Natural / Dry,0.1300,mid,poor
Mexico,Bourbon,Washed / Wet,0.1100,mid,poor
Mexico,Typica,Washed / Wet,0.1400,mid,poor
Mexico,Caturra,Washed / Wet,0.1300,mid,poor
Mexico,Typica,Washed / Wet,0.1200,low,fair
Mexico,Bourbon,Washed / Wet,0.1400,mid,poor
Mexico,Typica,Semi-washed / Semi-pulped,0.1400,mid,poor
Mexico,Typica,Washed / Wet,0.1400,mid,fair
Mexico,Typica,Washed / Wet,0.1500,mid,poor
Mexico,Typica,Washed / Wet,0.1400,mid,poor
Mexico,Typica,Washed / Wet,0.1600,mid,poor
Mexico,Typica,Washed / Wet,0.1600,mid,poor
Mexico,Typica,Washed / Wet,0.1400,mid,poor
Mexico,Typica,Washed / Wet,0.1500,mid,poor
Mexico,Typica,Washed / Wet,0.1600,mid,poor
Mexico,Typica,Washed / Wet,0.1700,mid,poor
Mexico,Typica,Washed / Wet,0.1500,mid,poor
Mexico,Typica,Washed / Wet,0.1400,low,poor
Mexico,Typica,Washed / Wet,0.1400,low,poor
Mexico,Typica,Washed / Wet,0.1100,mid,good
Myanmar,Other,Washed / Wet,0.0000,high,poor
Myanmar,Other,Washed / Wet,0.0000,high,poor
Myanmar,Other,Natural / Dry,0.1100,low,poor
Myanmar,Catuai,Natural / Dry,0.0000,high,poor
Myanmar,Catuai,Washed / Wet,0.0000,high,good
Myanmar,Catuai,Washed / Wet,0.0000,mid,fair
Myanmar,Catuai,Washed / Wet,0.0000,high,fair
Nicaragua,Caturra,other,0.1100,low,fair
Nicaragua,Caturra,other,0.1000,low,poor
Nicaragua,Caturra,other,0.1300,low,poor
Nicaragua,Catuai,Washed / Wet,0.1000,low,fair
Nicaragua,Caturra,Natural / Dry,0.1200,low,poor
Nicaragua,Caturra,Natural / Dry,0.1200,low,great
Nicaragua,Caturra,Washed / Wet,0.1000,mid,good
Nicaragua,Caturra,Washed / Wet,0.1100,mid,poor
Nicaragua,Caturra,Washed / Wet,0.1000,mid,poor
Nicaragua,Caturra,Washed / Wet,0.1100,mid,poor
Nicaragua,Other,Washed / Wet,0.1100,low,poor
Nicaragua,Caturra,Washed / Wet,0.1000,low,poor
Nicaragua,Caturra,Washed / Wet,0.1100,low,poor
Panama,Catuai,Washed / Wet,0.0000,low,fair
Panama,Caturra,Natural / Dry,0.0900,high,good
Panama,Caturra,other,0.1100,high,poor
Panama,Gesha,Washed / Wet,0.0800,mid,great
Peru,Caturra,Washed / Wet,0.0000,mid,good
Peru,Typica,Washed / Wet,0.0000,mid,poor
Philippines,Other,Washed / Wet,0.0000,mid,fair
Philippines,Other,Washed / Wet,0.1100,mid,good
Philippines,Typica,Natural / Dry,0.0000,mid,poor
Philippines,Other,Washed / Wet,0.1400,mid,poor
Rwanda,Bourbon,Washed / Wet,0.1100,high,great
Taiwan,Typica,Semi-washed / Semi-pulped,0.1100,low,fair
Taiwan,Typica,Semi-washed / Semi-pulped,0.1100,low,fair
Taiwan,Typica,Semi-washed / Semi-pulped,0.1100,low,poor
Taiwan,Typica,Washed / Wet,0.1100,low,poor
Taiwan,Typica,Washed / Wet,0.1100,low,poor
Taiwan,Typica,other,0.1100,mid,good
Taiwan,Typica,Semi-washed / Semi-pulped,0.1100,low,poor
Taiwan,Typica,Washed / Wet,0.1100,mid,fair
Taiwan,Caturra,Natural / Dry,0.1000,mid,good
Taiwan,Sumatra,Pulped natural / honey,0.0000,mid,great
Taiwan,Typica,Washed / Wet,0.1100,mid,good
Taiwan,Typica,Washed / Wet,0.1100,mid,great
Taiwan,Typica,Natural / Dry,0.0000,low,poor
Taiwan,Typica,other,0.1100,low,poor
Taiwan,Typica,Semi-washed / Semi-pulped,0.1100,low,fair
Taiwan,Typica,Semi-washed / Semi-pulped,0.1100,low,poor
Taiwan,Typica,Washed / Wet,0.1100,low,fair
Taiwan,Typica,Washed / Wet,0.1100,low,poor
Taiwan,Typica,Washed / Wet,0.1100,low,fair
Taiwan,Bourbon,Semi-washed / Semi-pulped,0.1200,low,great
Taiwan,Bourbon,Washed / Wet,0.1000,low,fair
Taiwan,Typica,Semi-washed / Semi-pulped,0.1100,low,great
Taiwan,Typica,Semi-washed / Semi-pulped,0.0000,low,poor
Taiwan,Typica,Washed / Wet,0.1000,low,fair
Taiwan,Typica,Washed / Wet,0.1100,low,poor
Taiwan,Typica,Washed / Wet,0.1100,low,poor
Taiwan,Typica,Washed / Wet,0.1100,low,poor
Taiwan,Typica,other,0.1100,low,fair
Taiwan,Typica,other,0.1100,low,good
Taiwan,Typica,other,0.1100,low,fair
Taiwan,Typica,Washed / Wet,0.1100,low,fair
Taiwan,Typica,Washed / Wet,0.1100,low,great
Taiwan,Yellow Bourbon,other,0.1100,low,poor
Taiwan,Caturra,Natural / Dry,0.0900,low,great
Taiwan,Typica,Natural / Dry,0.0000,low,good
Taiwan,Typica,Natural / Dry,0.0000,low,great
Taiwan,Typica,Natural / Dry,0.1200,low,good
Taiwan,Typica,Natural / Dry,0.0000,low,good
Taiwan,Typica,Washed / Wet,0.1000,low,good
Taiwan,Typica,Washed / Wet,0.0000,low,good
Taiwan,Typica,Washed / Wet,0.0000,low,poor
Taiwan,Typica,Washed / Wet,0.1200,low,poor
Taiwan,Typica,Washed / Wet,0.0000,low,fair
Taiwan,Typica,Washed / Wet,0.0900,low,fair
Taiwan,Typica,Washed / Wet,0.1200,low,good
Taiwan,Typica,Washed / Wet,0.1000,low,poor
Taiwan,Typica,Washed / Wet,0.1000,low,poor
Taiwan,Typica,Washed / Wet,0.1100,low,poor
Taiwan,Yellow Bourbon,Natural / Dry,0.0000,low,good
Taiwan,Yellow Bourbon,Washed / Wet,0.0000,low,poor
Taiwan,Other,Natural / Dry,0.0000,low,poor
Taiwan,Other,Washed / Wet,0.0000,low,poor
Tanzania,Arusha,Washed / Wet,0.1100,mid,fair
Tanzania,Other,Semi-washed / Semi-pulped,0.1200,high,good
Tanzania,Other,Washed / Wet,0.1300,mid,good
Tanzania,Other,Washed / Wet,0.1200,mid,poor
Tanzania,Other,Washed / Wet,0.1200,mid,poor
Tanzania,Ruiru 11,Washed / Wet,0.1300,high,poor
Tanzania,Other,Washed / Wet,0.1200,mid,fair
Tanzania,Other,Washed / Wet,0.1200,high,fair
Tanzania,Other,Washed / Wet,0.1200,high,poor
Tanzania,Other,Washed / Wet,0.1300,mid,poor
Tanzania,Other,Washed / Wet,0.1200,high,fair
Tanzania,Other,Washed / Wet,0.1200,mid,fair
Tanzania,Other,Washed / Wet,0.1300,high,poor
Tanzania,Bourbon,Washed / Wet,0.1300,mid,good
Tanzania,Bourbon,Washed / Wet,0.1200,high,fair
Tanzania,Bourbon,Washed / Wet,0.1200,mid,poor
Tanzania,Other,Washed / Wet,0.1300,high,poor
Tanzania,Other,Washed / Wet,0.1200,high,poor
Tanzania,Other,Washed / Wet,0.1200,high,poor
Tanzania,Other,Washed / Wet,0.1200,high,great
Tanzania,Other,Washed / Wet,0.1200,mid,good
Tanzania,Bourbon,Washed / Wet,0.1200,mid,poor
Tanzania,Bourbon,Washed / Wet,0.1200,mid,fair
Tanzania,Other,Washed / Wet,0.1300,high,good
Tanzania,Other,Washed / Wet,0.1200,mid,poor
Tanzania,Other,Washed / Wet,0.1200,mid,fair
Tanzania,Bourbon,Washed / Wet,0.1300,high,poor
Tanzania,Bourbon,Washed / Wet,0.1200,low,good
Tanzania,Other,Washed / Wet,0.1200,mid,fair
Tanzania,Other,Washed / Wet,0.1200,mid,fair
Tanzania,Ruiru 11,Washed / Wet,0.1300,mid,good
Tanzania,Other,Washed / Wet,0.1200,mid,fair
Tanzania,Other,Washed / Wet,0.1200,high,fair
Tanzania,Bourbon,Washed / Wet,0.1300,high,fair
Tanzania,Bourbon,Washed / Wet,0.1200,low,poor
Tanzania,Other,Washed / Wet,0.1200,high,good
Thailand,Caturra,Washed / Wet,0.1000,mid,great
Thailand,Catimor,Natural / Dry,0.1200,mid,good
Thailand,Catimor,Natural / Dry,0.1000,mid,good
Thailand,Caturra,Washed / Wet,0.1200,mid,fair
Thailand,Caturra,Washed / Wet,0.1200,mid,good
Thailand,Caturra,Washed / Wet,0.1100,mid,fair
Thailand,Caturra,Washed / Wet,0.1100,mid,fair
Thailand,Catimor,Washed / Wet,0.1300,mid,good
Thailand,Other,Washed / Wet,0.1200,low,great
Thailand,Other,Washed / Wet,0.1200,low,poor
Uganda,SL14,Natural / Dry,0.1200,high,fair
Uganda,SL14,Natural / Dry,0.1200,high,poor
Uganda,SL14,Natural / Dry,0.1200,high,great
Uganda,SL14,Natural / Dry,0.1200,high,great
Uganda,SL14,Washed / Wet,0.1200,high,great
Uganda,SL14,Washed / Wet,0.1200,mid,great
Uganda,SL14,Washed / Wet,0.1100,high,great
Uganda,SL14,Washed / Wet,0.1100,high,good
Uganda,SL14,Washed / Wet,0.1200,high,good
Uganda,SL14,Washed / Wet,0.1100,high,good
Uganda,SL14,Washed / Wet,0.1000,high,good
Uganda,SL14,Washed / Wet,0.1200,high,fair
Uganda,SL14,Washed / Wet,0.1200,high,good
Uganda,SL14,Washed / Wet,0.1200,high,great
Uganda,Other,Natural / Dry,0.1300,high,good
Uganda,Other,Washed / Wet,0.1000,high,good
Uganda,Bourbon,Natural / Dry,0.1200,high,good
Uganda,Bourbon,Washed / Wet,0.1200,mid,good
Uganda,Other,Washed / Wet,0.1100,high,great
Uganda,SL14,Washed / Wet,0.1200,high,fair
Uganda,Other,Washed / Wet,0.1100,mid,good
Uganda,Other,Washed / Wet,0.1000,high,great
Uganda,Bourbon,Natural / Dry,0.1200,mid,great
Uganda,SL14,Washed / Wet,0.1200,mid,good
United States,Other,Washed / Wet,0.0000,high,great
United States,Other,Washed / Wet,0.0000,high,great
United States,Other,Washed / Wet,0.0000,high,great
United States,Other,Washed / Wet,0.0000,high,great
United States,Other,Washed / Wet,0.0000,high,great
United States,Other,Washed / Wet,0.0000,high,great
United States,Pache Comun,Natural / Dry,0.0000,high,poor
United States,Arusha,Natural / Dry,0.1300,low,poor
United States,Hawaiian Kona,Natural / Dry,0.0000,low,great
United States,Hawaiian Kona,Natural / Dry,0.1000,low,poor
United States,Hawaiian Kona,Natural / Dry,0.1100,low,poor
United States,Hawaiian Kona,Natural / Dry,0.0000,low,fair
United States,Hawaiian Kona,Natural / Dry,0.0000,low,good
United States,Hawaiian Kona,Natural / Dry,0.1100,low,good
United States,Hawaiian Kona,Natural / Dry,0.1000,low,fair
United States,Hawaiian Kona,Natural / Dry,0.1100,low,good
United States,Hawaiian Kona,Natural / Dry,0.1100,low,fair
United States,Hawaiian Kona,Natural / Dry,0.1200,low,good
United States,Hawaiian Kona,Natural / Dry,0.1000,low,great
United States,Hawaiian Kona,Natural / Dry,0.0000,low,good
United States,Hawaiian Kona,Natural / Dry,0.1200,low,poor
United States,Hawaiian Kona,Natural / Dry,0.1100,low,poor
United States,Hawaiian Kona,Natural / Dry,0.1200,low,poor
United States,Hawaiian Kona,Natural / Dry,0.1200,low,poor
United States,Hawaiian Kona,Natural / Dry,0.1000,low,good
United States,Hawaiian Kona,Natural / Dry,0.1100,low,fair
United States,Hawaiian Kona,Natural / Dry,0.1100,low,poor
United States,Hawaiian Kona,Natural / Dry,0.1200,low,poor
United States,Hawaiian Kona,Natural / Dry,0.1200,low,good
United States,Hawaiian Kona,Natural / Dry,0.1200,low,poor
United States,Hawaiian Kona,Natural / Dry,0.0000,low,poor
United States,Hawaiian Kona,Natural / Dry,0.0000,low,poor
United States,Hawaiian Kona,Natural / Dry,0.0000,low,poor
United States,Hawaiian Kona,Natural / Dry,0.0000,low,poor
United States,Hawaiian Kona,Natural / Dry,0.1100,low,poor
United States,Hawaiian Kona,Natural / Dry,0.1000,low,good
United States,Hawaiian Kona,Natural / Dry,0.1000,low,great
United States,Hawaiian Kona,Natural / Dry,0.0000,low,fair
United States,Hawaiian Kona,Natural / Dry,0.1100,low,good
United States,Hawaiian Kona,Natural / Dry,0.0000,low,great
United States,Hawaiian Kona,Natural / Dry,0.0000,low,great
United States,Hawaiian Kona,Natural / Dry,0.0000,low,great
United States,Hawaiian Kona,Natural / Dry,0.1100,low,great
United States,Hawaiian Kona,Natural / Dry,0.0000,low,good
United States,Hawaiian Kona,Natural / Dry,0.1100,low,great
United States,Hawaiian Kona,Natural / Dry,0.1100,low,great
United States,Hawaiian Kona,Natural / Dry,0.1100,low,good
United States,Hawaiian Kona,other,0.0000,low,great
United States,Hawaiian Kona,other,0.0000,low,great
United States,Hawaiian Kona,Washed / Wet,0.1200,low,good
United States,Hawaiian Kona,Washed / Wet,0.1000,low,fair
United States,Hawaiian Kona,Washed / Wet,0.1000,low,poor
United States,Hawaiian Kona,Washed / Wet,0.0600,low,fair
United States,Hawaiian Kona,Washed / Wet,0.1000,low,poor
United States,Hawaiian Kona,Washed / Wet,0.1200,low,fair
United States,Hawaiian Kona,Washed / Wet,0.1200,low,good
United States,Hawaiian Kona,Washed / Wet,0.1200,low,fair
United States,Hawaiian Kona,Washed / Wet,0.1000,low,fair
United States,Other,Washed / Wet,0.1200,low,great
United States,Other,Washed / Wet,0.0000,low,fair
United States,Other,Washed / Wet,0.1300,low,poor
United States,Other,Washed / Wet,0.0000,low,good
Vietnam,Catimor,Natural / Dry,0.0700,mid,fair
Vietnam,Catimor,other,0.0000,mid,poor
Vietnam,Other,Natural / Dry,0.1200,low,great
Vietnam,Other,Natural / Dry,0.0000,low,poor
Vietnam,Caturra,Washed / Wet,0.1200,low,poor
Vietnam,Caturra,other,0.0000,mid,good
Zambia,SL28,Washed / Wet,0.0000,mid,poor