country,variety,process,moisture,target
Brazil,Mundo Novo,Natural / Dry,0.1100,fair
Brazil,Bourbon,Semi-washed / Semi-pulped,0.0000,fair
Brazil,Yellow Bourbon,Semi-washed / Semi-pulped,0.1200,great
Brazil,Catuai,Natural / Dry,0.1100,fair
Brazil,Catuai,Natural / Dry,0.1100,poor
Brazil,Catuai,Natural / Dry,0.0000,good
Brazil,Catuai,Natural / Dry,0.1200,great
Brazil,Catuai,Natural / Dry,0.1100,fair
Brazil,Catuai,Semi-washed / Semi-pulped,0.1100,fair
Brazil,Mundo Novo,Natural / Dry,0.0200,good
Brazil,Peaberry,Semi-washed / Semi-pulped,0.1100,fair
Brazil,Mundo Novo,Natural / Dry,0.1200,good
Brazil,Mundo Novo,Natural / Dry,0.1200,fair
Brazil,Mundo Novo,Natural / Dry,0.1200,great
Brazil,Yellow Bourbon,Semi-washed / Semi-pulped,0.1100,good
Brazil,Catuai,Natural / Dry,0.0000,good
Brazil,Bourbon,Pulped natural / honey,0.1100,poor
Brazil,Yellow Bourbon,Natural / Dry,0.1200,poor
Brazil,Yellow Bourbon,other,0.1200,poor
Brazil,Yellow Bourbon,Semi-washed / Semi-pulped,0.1000,fair
Brazil,Catuai,Natural / Dry,0.1100,good
Brazil,Catuai,Natural / Dry,0.1100,poor
Brazil,Catuai,Semi-washed / Semi-pulped,0.1100,great
Brazil,Catuai,Washed / Wet,0.0900,fair
Brazil,Mundo Novo,Natural / Dry,0.1100,good
Brazil,Mundo Novo,Natural / Dry,0.1100,great
Brazil,Mundo Novo,Natural / Dry,0.1100,good
Brazil,Catuai,Natural / Dry,0.1100,poor
Brazil,Mundo Novo,Natural / Dry,0.1100,fair
Brazil,Bourbon,Natural / Dry,0.1100,good
Brazil,Bourbon,Natural / Dry,0.1100,fair
Brazil,Bourbon,Natural / Dry,0.0000,fair
Brazil,Bourbon,Natural / Dry,0.1000,fair
Brazil,Bourbon,Natural / Dry,0.0000,good
Brazil,Bourbon,Natural / Dry,0.1100,good
Brazil,Bourbon,Natural / Dry,0.1100,fair
Brazil,Bourbon,Natural / Dry,0.1100,fair
Brazil,Bourbon,Natural / Dry,0.0700,great
Brazil,Bourbon,Natural / Dry,0.1100,great
Brazil,Bourbon,Natural / Dry,0.1100,good
Brazil,Bourbon,Natural / Dry,0.1100,fair
Brazil,Bourbon,Natural / Dry,0.1100,good
Brazil,Bourbon,Natural / Dry,0.1100,poor
Brazil,Bourbon,Natural / Dry,0.1200,great
Brazil,Bourbon,Natural / Dry,0.1100,great
Brazil,Bourbon,Natural / Dry,0.0200,great
Brazil,Bourbon,Natural / Dry,0.0000,good
Brazil,Bourbon,Natural / Dry,0.1100,good
Brazil,Bourbon,Natural / Dry,0.0000,poor
Brazil,Bourbon,Natural / Dry,0.1100,good
Brazil,Bourbon,Natural / Dry,0.1100,great
Brazil,Bourbon,Natural / Dry,0.1100,good
Brazil,Bourbon,Natural / Dry,0.1100,good
Brazil,Bourbon,Natural / Dry,0.1100,fair
Brazil,Bourbon,Natural / Dry,0.0200,good
Brazil,Bourbon,Natural / Dry,0.0000,fair
Brazil,Bourbon,Natural / Dry,0.1100,good
Brazil,Bourbon,Natural / Dry,0.1100,good
Brazil,Bourbon,Natural / Dry,0.0000,good
Brazil,Bourbon,Semi-washed / Semi-pulped,0.1100,great
Brazil,Bourbon,Semi-washed / Semi-pulped,0.1100,great
Brazil,Bourbon,Semi-washed / Semi-pulped,0.0000,good
Brazil,Bourbon,Semi-washed / Semi-pulped,0.1200,good
Brazil,Bourbon,Semi-washed / Semi-pulped,0.1200,fair
Brazil,Bourbon,Semi-washed / Semi-pulped,0.0000,poor
Brazil,Bourbon,Washed / Wet,0.1000,fair
Brazil,Bourbon,Washed / Wet,0.0000,great
Brazil,Catuai,Natural / Dry,0.1200,great
Brazil,Catuai,Semi-washed / Semi-pulped,0.1200,good
Brazil,Catuai,Semi-washed / Semi-pulped,0.1000,great
Brazil,Catuai,Semi-washed / Semi-pulped,0.1200,good
Brazil,Mundo Novo,Natural / Dry,0.0000,fair
Brazil,Mundo Novo,Natural / Dry,0.1200,fair
Brazil,Mundo Novo,Natural / Dry,0.1200,good
Brazil,Mundo Novo,Natural / Dry,0.1200,poor
Brazil,Mundo Novo,Semi-washed / Semi-pulped,0.1200,fair
Brazil,Mundo Novo,Semi-washed / Semi-pulped,0.1200,fair
Brazil,Mundo Novo,Washed / Wet,0.1100,good
Brazil,Yellow Bourbon,Natural / Dry,0.0000,fair
Brazil,Yellow Bourbon,Natural / Dry,0.0000,great
Brazil,Yellow Bourbon,Natural / Dry,0.0000,poor
Brazil,Yellow Bourbon,Natural / Dry,0.0000,good
Brazil,Yellow Bourbon,Natural / Dry,0.0000,good
Brazil,Yellow Bourbon,Natural / Dry,0.0000,poor
Brazil,Yellow Bourbon,Natural / Dry,0.1000,fair
Brazil,Yellow Bourbon,Natural / Dry,0.0000,good
Brazil,Yellow Bourbon,Natural / Dry,0.0000,good
Brazil,Yellow Bourbon,Natural / Dry,0.0000,poor
Brazil,Yellow Bourbon,Natural / Dry,0.0000,good
Brazil,Yellow Bourbon,Natural / Dry,0.0000,fair
Brazil,Yellow Bourbon,Natural / Dry,0.0800,great
Brazil,Yellow Bourbon,Natural / Dry,0.0100,great
Brazil,Yellow Bourbon,Natural / Dry,0.1000,great
Brazil,Yellow Bourbon,Natural / Dry,0.0000,good
Brazil,Yellow Bourbon,Pulped natural / honey,0.1100,good
Brazil,Yellow Bourbon,Pulped natural / honey,0.1100,fair
Brazil,Yellow Bourbon,Pulped natural / honey,0.1100,good
Brazil,Yellow Bourbon,Semi-washed / Semi-pulped,0.1200,good
Brazil,Yellow Bourbon,Semi-washed / Semi-pulped,0.1100,fair
Brazil,Yellow Bourbon,Semi-washed / Semi-pulped,0.0000,fair
Brazil,Yellow Bourbon,Washed / Wet,0.1200,fair
Brazil,Bourbon,Natural / Dry,0.1200,great
Brazil,Bourbon,Semi-washed / Semi-pulped,0.1200,great
Brazil,Yellow Bourbon,Natural / Dry,0.0000,great
Brazil,Yellow Bourbon,Semi-washed / Semi-pulped,0.1100,poor
Burundi,Bourbon,Washed / Wet,0.0000,good
China,Catimor,Washed / Wet,0.1000,good
China,Catimor,Washed / Wet,0.1100,good
China,Catimor,Pulped natural / honey,0.1200,good
China,Catimor,Natural / Dry,0.1000,fair
China,Catimor,Natural / Dry,0.1000,great
China,Catimor,Natural / Dry,0.1000,great
China,Catimor,Washed / Wet,0.1000,great
China,Catimor,Washed / Wet,0.1000,great
China,Catimor,Washed / Wet,0.1000,fair
China,Catimor,Washed / Wet,0.1000,good
China,Catimor,Washed / Wet,0.1000,good
China,Catimor,Washed / Wet,0.1100,good
China,Other,Washed / Wet,0.0000,great
China,Other,Washed / Wet,0.1700,poor
China,Typica,Washed / Wet,0.0000,poor
China,Typica,Washed / Wet,0.1000,poor
Colombia,Caturra,Washed / Wet,0.1000,poor
Colombia,Caturra,Washed / Wet,0.1000,poor
Colombia,Other,Washed / Wet,0.1100,good
Colombia,Caturra,Washed / Wet,0.1100,fair
Colombia,Caturra,Washed / Wet,0.1100,great
Colombia,Other,Washed / Wet,0.1200,good
Colombia,Other,Washed / Wet,0.1200,good
Colombia,Caturra,Natural / Dry,0.1100,great
Colombia,Caturra,Natural / Dry,0.0000,good
Colombia,Caturra,Natural / Dry,0.1100,good
Colombia,Caturra,Washed / Wet,0.0000,good
Colombia,Caturra,Washed / Wet,0.0000,good
Colombia,Caturra,Washed / Wet,0.1100,good
Colombia,Caturra,Washed / Wet,0.0000,good
Colombia,Caturra,Washed / Wet,0.0000,fair
Colombia,Caturra,Natural / Dry,0.0000,good
Colombia,Caturra,Washed / Wet,0.1100,good
Colombia,Caturra,Washed / Wet,0.1100,good
Colombia,Caturra,Washed / Wet,0.0000,fair
Colombia,Caturra,Natural / Dry,0.1100,fair
Colombia,Caturra,Natural / Dry,0.0000,good
Colombia,Caturra,Natural / Dry,0.1200,good
Colombia,Caturra,Natural / Dry,0.0000,good
Colombia,Caturra,Natural / Dry,0.0000,fair
Colombia,Caturra,Natural / Dry,0.1100,good
Colombia,Caturra,Natural / Dry,0.1200,good
Colombia,Caturra,Natural / Dry,0.0000,poor
Colombia,Caturra,Natural / Dry,0.0000,good
Colombia,Caturra,Washed / Wet,0.1100,fair
Colombia,Caturra,Washed / Wet,0.0000,good
Colombia,Caturra,Washed / Wet,0.1100,good
Colombia,Caturra,Washed / Wet,0.1100,good
Colombia,Caturra,Washed / Wet,0.1100,poor
Colombia,Caturra,Washed / Wet,0.1100,fair
Colombia,Caturra,Washed / Wet,0.1100,fair
Colombia,Caturra,Washed / Wet,0.1100,fair
Colombia,Caturra,Washed / Wet,0.1100,fair
Colombia,Caturra,Washed / Wet,0.1100,fair
Colombia,Caturra,Washed / Wet,0.1100,fair
Colombia,Caturra,Washed / Wet,0.0000,good
Colombia,Caturra,Washed / Wet,0.0000,fair
Colombia,Caturra,Washed / Wet,0.1200,fair
Colombia,Caturra,Washed / Wet,0.1100,poor
Colombia,Caturra,Washed / Wet,0.0000,poor
Colombia,Caturra,Washed / Wet,0.0000,good
Colombia,Caturra,Washed / Wet,0.1100,poor
Colombia,Caturra,Washed / Wet,0.1100,good
Colombia,Caturra,Washed / Wet,0.1100,great
Colombia,Caturra,Washed / Wet,0.0000,good
Colombia,Caturra,Washed / Wet,0.0000,good
Colombia,Caturra,Washed / Wet,0.1100,good
Colombia,Caturra,Washed / Wet,0.1100,good
Colombia,Caturra,Washed / Wet,0.0000,good
Colombia,Caturra,Washed / Wet,0.1100,good
Colombia,Caturra,Washed / Wet,0.1100,good
Colombia,Caturra,Washed / Wet,0.1200,good
Colombia,Caturra,Washed / Wet,0.1100,good
Colombia,Caturra,Washed / Wet,0.1200,good
Colombia,Caturra,Washed / Wet,0.1100,good
Colombia,Caturra,Washed / Wet,0.0000,good
Colombia,Caturra,Washed / Wet,0.1100,good
Colombia,Caturra,Washed / Wet,0.1100,good
Colombia,Caturra,Washed / Wet,0.0000,good
Colombia,Caturra,Washed / Wet,0.1100,good
Colombia,Caturra,Washed / Wet,0.1200,good
Colombia,Caturra,Washed / Wet,0.0000,fair
Colombia,Caturra,Washed / Wet,0.0000,good
Colombia,Caturra,Washed / Wet,0.0000,good
Colombia,Caturra,Washed / Wet,0.1100,fair
Colombia,Caturra,Washed / Wet,0.1200,good
Colombia,Caturra,Washed / Wet,0.0000,fair
Colombia,Caturra,Washed / Wet,0.1100,fair
Colombia,Caturra,Washed / Wet,0.1100,good
Colombia,Caturra,Washed / Wet,0.0000,fair
Colombia,Caturra,Washed / Wet,0.1100,fair
Colombia,Caturra,Washed / Wet,0.0000,fair
Colombia,Caturra,Washed / Wet,0.1100,fair
Colombia,Caturra,Washed / Wet,0.0000,good
Colombia,Caturra,Washed / Wet,0.1100,good
Colombia,Caturra,Washed / Wet,0.1100,fair
Colombia,Caturra,Washed / Wet,0.0000,fair
Colombia,Caturra,Washed / Wet,0.0000,fair
Colombia,Caturra,Washed / Wet,0.0000,poor
Colombia,Caturra,Washed / Wet,0.0000,great
Colombia,Caturra,Washed / Wet,0.0000,great
Colombia,Caturra,Washed / Wet,0.0000,great
Colombia,Caturra,Washed / Wet,0.1200,great
Colombia,Caturra,Washed / Wet,0.1100,great
Colombia,Caturra,Washed / Wet,0.0000,great
Colombia,Caturra,Washed / Wet,0.0000,good
Colombia,Caturra,Washed / Wet,0.0000,great
Colombia,Caturra,Washed / Wet,0.1100,good
Colombia,Caturra,Washed / Wet,0.0000,good
Colombia,Caturra,Washed / Wet,0.0000,good
Colombia,Caturra,Washed / Wet,0.0000,good
Colombia,Caturra,Washed / Wet,0.1100,good
Colombia,Caturra,Washed / Wet,0.1200,good
Colombia,Caturra,Washed / Wet,0.0000,good
Colombia,Caturra,Washed / Wet,0.0000,fair
Colombia,Caturra,Washed / Wet,0.0000,good
Colombia,Caturra,Washed / Wet,0.0000,fair
Colombia,Caturra,Washed / Wet,0.0000,good
Colombia,Caturra,Washed / Wet,0.1200,good
Colombia,Caturra,Washed / Wet,0.0000,good
Colombia,Other,Washed / Wet,0.1200,fair
Colombia,Other,Washed / Wet,0.1100,good
Colombia,Other,Washed / Wet,0.0000,fair
Colombia,Other,Washed / Wet,0.0000,good
Colombia,Typica,Washed / Wet,0.1200,fair
Colombia,Caturra,Washed / Wet,0.0000,good
Colombia,Caturra,Washed / Wet,0.1100,good
Colombia,Caturra,Washed / Wet,0.1200,good
Colombia,Caturra,Natural / Dry,0.1100,good
Colombia,Caturra,Washed / Wet,0.0000,good
Colombia,Caturra,Natural / Dry,0.0000,great
Colombia,Caturra,Washed / Wet,0.0000,poor
Colombia,Caturra,Natural / Dry,0.0000,good
Colombia,Caturra,Natural / Dry,0.1100,good
Colombia,Caturra,Natural / Dry,0.1100,good
Colombia,Caturra,Natural / Dry,0.0000,good
Colombia,Caturra,Natural / Dry,0.1200,great
Colombia,Caturra,Natural / Dry,0.1200,fair
Colombia,Caturra,Natural / Dry,0.1200,great
Colombia,Caturra,Natural / Dry,0.0000,fair
Colombia,Caturra,Washed / Wet,0.1200,good
Colombia,Caturra,Washed / Wet,0.0000,good
Colombia,Caturra,Washed / Wet,0.1100,good
Colombia,Caturra,Washed / Wet,0.1100,great
Colombia,Caturra,Washed / Wet,0.0000,great
Colombia,Caturra,Washed / Wet,0.0000,good
Colombia,Other,Washed / Wet,0.0000,good
Colombia,Typica,Natural / Dry,0.0000,fair
Colombia,Caturra,Washed / Wet,0.0000,good
Colombia,Caturra,Washed / Wet,0.1200,great
Costa Rica,Catuai,Washed / Wet,0.1000,fair
Costa Rica,Catuai,Washed / Wet,0.1100,fair
Costa Rica,Catuai,Washed / Wet,0.1000,poor
Costa Rica,Catuai,Washed / Wet,0.1100,poor
Costa Rica,Catuai,Washed / Wet,0.1000,fair
Costa Rica,Catuai,Washed / Wet,0.1100,good
Costa Rica,Catuai,Washed / Wet,0.1000,poor
Costa Rica,Catuai,Washed / Wet,0.1100,good
Costa Rica,Caturra,Washed / Wet,0.1300,poor
Costa Rica,Caturra,Washed / Wet,0.1200,poor
Costa Rica,Caturra,Washed / Wet,0.1200,poor
Costa Rica,Caturra,Washed / Wet,0.1100,poor
Costa Rica,Caturra,Washed / Wet,0.1100,poor
Costa Rica,Caturra,Washed / Wet,0.1100,great
Costa Rica,Caturra,Washed / Wet,0.1000,good
Costa Rica,Caturra,Washed / Wet,0.1200,good
Costa Rica,Catuai,Pulped natural / honey,0.1100,fair
Costa Rica,Catuai,Pulped natural / honey,0.0000,poor
Costa Rica,Catuai,Washed / Wet,0.0000,poor
Costa Rica,Catuai,Washed / Wet,0.1200,great
Costa Rica,Catuai,Washed / Wet,0.1000,good
Costa Rica,Caturra,Washed / Wet,0.1200,great
Costa Rica,Caturra,Washed / Wet,0.1100,great
Costa Rica,Caturra,Washed / Wet,0.1000,great
Costa Rica,Caturra,Washed / Wet,0.0900,good
Costa Rica,Caturra,Washed / Wet,0.0000,good
Costa Rica,Caturra,Washed / Wet,0.0000,good
Costa Rica,Caturra,Washed / Wet,0.1100,poor
Costa Rica,Caturra,Washed / Wet,0.1100,fair
Costa Rica,Caturra,Washed / Wet,0.0000,fair
Costa Rica,Caturra,Washed / Wet,0.0900,fair
Costa Rica,Caturra,Washed / Wet,0.0900,fair
Costa Rica,Caturra,Washed / Wet,0.1000,fair
Costa Rica,Bourbon,Semi-washed / Semi-pulped,0.1200,great
Costa Rica,Caturra,Washed / Wet,0.0000,fair
Costa Rica,Caturra,Washed / Wet,0.0900,fair
Costa Rica,Caturra,Washed / Wet,0.1100,fair
Costa Rica,Caturra,Washed / Wet,0.1200,fair
Costa Rica,Caturra,Washed / Wet,0.1100,poor
Costa Rica,Caturra,Washed / Wet,0.1000,good
Costa Rica,Caturra,Washed / Wet,0.0000,great
Costa Rica,Catuai,Washed / Wet,0.1100,good
Costa Rica,Caturra,Washed / Wet,0.0000,great
El Salvador,Bourbon,Natural / Dry,0.1100,great
El Salvador,Bourbon,Washed / Wet,0.1000,great
El Salvador,Bourbon,Washed / Wet,0.0000,great
El Salvador,Bourbon,Washed / Wet,0.1200,good
El Salvador,Bourbon,Washed / Wet,0.0000,poor
El Salvador,Bourbon,Washed / Wet,0.1100,fair
El Salvador,Bourbon,Washed / Wet,0.0000,fair
El Salvador,Bourbon,Washed / Wet,0.0000,fair
El Salvador,Bourbon,Semi-washed / Semi-pulped,0.1100,great
El Salvador,Bourbon,Washed / Wet,0.0000,poor
El Salvador,Bourbon,Washed / Wet,0.0000,good
El Salvador,Bourbon,Washed / Wet,0.0000,poor
El Salvador,Bourbon,Washed / Wet,0.1100,good
El Salvador,Pacas,Washed / Wet,0.0000,good
El Salvador,Pacas,Washed / Wet,0.0000,good
Ethiopia,Other,Natural / Dry,0.0900,great
Ethiopia,Ethiopian Heirlooms,Washed / Wet,0.1200,great
Ethiopia,Ethiopian Heirlooms,Washed / Wet,0.1200,great
Ethiopia,Ethiopian Heirlooms,Washed / Wet,0.1200,great
Ethiopia,Ethiopian Heirlooms,Washed / Wet,0.0000,good
Ethiopia,Gesha,Natural / Dry,0.1000,great
Ethiopia,Gesha,Natural / Dry,0.1000,great
Ethiopia,oromia,Natural / Dry,0.1100,great
Ethiopia,oromia,Natural / Dry,0.0300,great
Ethiopia,oromia,Natural / Dry,0.0300,great
Ethiopia,oromia,Natural / Dry,0.1000,great
Ethiopia,oromia,Natural / Dry,0.0500,great
Ethiopia,oromia,Natural / Dry,0.1000,great
Ethiopia,oromia,Natural / Dry,0.1200,great
Ethiopia,oromia,Natural / Dry,0.1200,good
Ethiopia,oromia,Natural / Dry,0.1000,good
Ethiopia,oromia,Washed / Wet,0.1000,great
Ethiopia,oromia,Washed / Wet,0.1000,great
Ethiopia,Gesha,Natural / Dry,0.1100,good
Ethiopia,yirgacheffe,Natural / Dry,0.0100,great
Ethiopia,yirgacheffe,Natural / Dry,0.1000,great
Ethiopia,yirgacheffe,Natural / Dry,0.1000,great
Ethiopia,yirgacheffe,Natural / Dry,0.2000,good
Ethiopia,yirgacheffe,Natural / Dry,0.0900,good
Ethiopia,yirgacheffe,Washed / Wet,0.1000,great
Ethiopia,yirgacheffe,Washed / Wet,0.0000,good
Guatemala,Bourbon,Washed / Wet,0.1200,great
Guatemala,Bourbon,Washed / Wet,0.1000,great
Guatemala,Bourbon,Washed / Wet,0.1200,great
Guatemala,Bourbon,Washed / Wet,0.1000,good
Guatemala,Bourbon,Washed / Wet,0.1100,good
Guatemala,Bourbon,Washed / Wet,0.1100,good
Guatemala,Bourbon,Washed / Wet,0.1100,good
Guatemala,Bourbon,Washed / Wet,0.1000,good
Guatemala,Bourbon,Washed / Wet,0.1000,fair
Guatemala,Bourbon,Washed / Wet,0.1000,good
Guatemala,Bourbon,Washed / Wet,0.1100,fair
Guatemala,Bourbon,Washed / Wet,0.1100,fair
Guatemala,Caturra,Natural / Dry,0.1000,great
Guatemala,Caturra,Washed / Wet,0.1000,good
Guatemala,Caturra,Washed / Wet,0.1000,good
Guatemala,Caturra,Washed / Wet,0.1100,good
Guatemala,Caturra,Washed / Wet,0.1100,good
Guatemala,Caturra,Washed / Wet,0.1100,good
Guatemala,Bourbon,Washed / Wet,0.0900,fair
Guatemala,Caturra,Washed / Wet,0.1000,fair
Guatemala,Caturra,Washed / Wet,0.1000,good
Guatemala,Caturra,Washed / Wet,0.1000,fair
Guatemala,Bourbon,Washed / Wet,0.1200,good
Guatemala,Bourbon,Washed / Wet,0.1200,fair
Guatemala,Catuai,Washed / Wet,0.1100,good
Guatemala,Bourbon,Natural / Dry,0.1100,fair
Guatemala,Bourbon,Washed / Wet,0.1200,fair
Guatemala,Bourbon,Washed / Wet,0.1000,fair
Guatemala,Bourbon,Washed / Wet,0.1100,good
Guatemala,Bourbon,Washed / Wet,0.1000,fair
Guatemala,Bourbon,Washed / Wet,0.1100,great
Guatemala,Caturra,Washed / Wet,0.0000,great
Guatemala,Caturra,Washed / Wet,0.1000,great
Guatemala,Caturra,Washed / Wet,0.1100,good
Guatemala,Caturra,Washed / Wet,0.1200,great
Guatemala,Caturra,Washed / Wet,0.1100,good
Guatemala,Caturra,Washed / Wet,0.1200,poor
Guatemala,Pacamara,Natural / Dry,0.1100,good
Guatemala,Pacamara,Washed / Wet,0.0900,fair
Guatemala,Bourbon,Washed / Wet,0.1100,good
Guatemala,Bourbon,Washed / Wet,0.1100,fair
Guatemala,Pacas,Washed / Wet,0.1300,fair
Guatemala,Pacas,Washed / Wet,0.1200,good
Guatemala,Pacas,Washed / Wet,0.1100,great
Guatemala,Pacas,Washed / Wet,0.1200,fair
Guatemala,Bourbon,Washed / Wet,0.1000,good
Guatemala,Bourbon,Washed / Wet,0.1000,fair
Guatemala,Bourbon,Washed / Wet,0.0900,poor
Guatemala,Bourbon,Washed / Wet,0.1000,great
Guatemala,Catuai,Washed / Wet,0.1000,great
Guatemala,Catuai,Washed / Wet,0.1100,good
Guatemala,Catuai,Washed / Wet,0.1100,good
Guatemala,Catuai,Washed / Wet,0.1100,poor
Guatemala,Catuai,Washed / Wet,0.1000,poor
Guatemala,Pacas,Washed / Wet,0.1100,fair
Guatemala,Pacas,Washed / Wet,0.1100,good
Guatemala,Bourbon,Washed / Wet,0.1100,poor
Guatemala,Caturra,Washed / Wet,0.1100,poor
Guatemala,Bourbon,Natural / Dry,0.1000,great
Guatemala,Bourbon,Natural / Dry,0.1000,good
Guatemala,Bourbon,other,0.1000,great
Guatemala,Bourbon,other,0.1000,great
Guatemala,Bourbon,Washed / Wet,0.1100,great
Guatemala,Bourbon,Washed / Wet,0.0900,great
Guatemala,Bourbon,Washed / Wet,0.1100,great
Guatemala,Bourbon,Washed / Wet,0.1100,good
Guatemala,Bourbon,Washed / Wet,0.1000,great
Guatemala,Bourbon,Washed / Wet,0.1100,great
Guatemala,Bourbon,Washed / Wet,0.1200,good
Guatemala,Bourbon,Washed / Wet,0.1100,good
Guatemala,Bourbon,Washed / Wet,0.1100,great
Guatemala,Bourbon,Washed / Wet,0.1000,good
Guatemala,Bourbon,Washed / Wet,0.0000,fair
Guatemala,Bourbon,Washed / Wet,0.1100,fair
Guatemala,Bourbon,Washed / Wet,0.1100,good
Guatemala,Bourbon,Washed / Wet,0.1100,good
Guatemala,Bourbon,Washed / Wet,0.1000,good
Guatemala,Bourbon,Washed / Wet,0.1200,good
Guatemala,Bourbon,Washed / Wet,0.1100,great
Guatemala,Bourbon,Washed / Wet,0.0000,fair
Guatemala,Bourbon,Washed / Wet,0.1000,fair
Guatemala,Bourbon,Washed / Wet,0.1100,good
Guatemala,Bourbon,Washed / Wet,0.1200,poor
Guatemala,Bourbon,Washed / Wet,0.1200,poor
Guatemala,Bourbon,Washed / Wet,0.1100,poor
Guatemala,Bourbon,Washed / Wet,0.1000,good
Guatemala,Bourbon,Washed / Wet,0.1100,poor
Guatemala,Bourbon,Washed / Wet,0.1100,good
Guatemala,Bourbon,Washed / Wet,0.1100,good
Guatemala,Bourbon,Washed / Wet,0.1000,good
Guatemala,Bourbon,Washed / Wet,0.1000,fair
Guatemala,Bourbon,Washed / Wet,0.1000,fair
Guatemala,Bourbon,Washed / Wet,0.1200,fair
Guatemala,Bourbon,Washed / Wet,0.1100,good
Guatemala,Bourbon,Washed / Wet,0.1200,fair
Guatemala,Bourbon,Washed / Wet,0.1000,good
Guatemala,Bourbon,Washed / Wet,0.0000,poor
Guatemala,Bourbon,Washed / Wet,0.1000,fair
Guatemala,Bourbon,Washed / Wet,0.1100,poor
Guatemala,Bourbon,Washed / Wet,0.1100,poor
Guatemala,Bourbon,Washed / Wet,0.1000,fair
Guatemala,Bourbon,Washed / Wet,0.1100,poor
Guatemala,Bourbon,Washed / Wet,0.1000,poor
Guatemala,Bourbon,Washed / Wet,0.1200,poor
Guatemala,Bourbon,Washed / Wet,0.1100,poor
Guatemala,Bourbon,Washed / Wet,0.1100,poor
Guatemala,Bourbon,Washed / Wet,0.1100,poor
Guatemala,Bourbon,Washed / Wet,0.1100,poor
Guatemala,Bourbon,Washed / Wet,0.1100,poor
Guatemala,Bourbon,Washed / Wet,0.1100,good
Guatemala,Bourbon,Washed / Wet,0.1100,poor
Guatemala,Caturra,Natural / Dry,0.1100,great
Guatemala,Caturra,Washed / Wet,0.1100,poor
Guatemala,Caturra,Washed / Wet,0.1200,poor
Guatemala,Caturra,Washed / Wet,0.1200,good
Guatemala,Other,Washed / Wet,0.1000,poor
Guatemala,Other,Washed / Wet,0.1200,poor
Guatemala,Other,Washed / Wet,0.1200,poor
Guatemala,Other,Washed / Wet,0.1000,poor
Guatemala,Other,Washed / Wet,0.1000,poor
Guatemala,Other,Washed / Wet,0.1000,poor
Guatemala,Other,Washed / Wet,0.1200,fair
Guatemala,Other,Washed / Wet,0.1100,poor
Guatemala,Caturra,Washed / Wet,0.1100,good
Guatemala,Caturra,Washed / Wet,0.1000,fair
Guatemala,Caturra,Washed / Wet,0.1100,poor
Guatemala,Bourbon,Washed / Wet,0.1000,fair
Guatemala,Bourbon,Washed / Wet,0.1200,poor
Guatemala,Bourbon,Washed / Wet,0.1100,fair
Guatemala,Bourbon,Washed / Wet,0.1000,fair
Guatemala,Bourbon,Washed / Wet,0.1000,good
Guatemala,Bourbon,Washed / Wet,0.1300,great
Guatemala,Bourbon,Washed / Wet,0.1100,good
Guatemala,Bourbon,Washed / Wet,0.1100,good
Guatemala,Bourbon,Washed / Wet,0.1000,fair
Guatemala,Bourbon,Washed / Wet,0.1200,good
Guatemala,Bourbon,Washed / Wet,0.1000,poor
Guatemala,Bourbon,Washed / Wet,0.1000,good
Guatemala,Catuai,Washed / Wet,0.1000,poor
Guatemala,Catuai,Washed / Wet,0.0900,great
Guatemala,Bourbon,Washed / Wet,0.1200,poor
Guatemala,Bourbon,Washed / Wet,0.1000,good
Guatemala,Bourbon,Washed / Wet,0.1000,fair
Guatemala,Bourbon,Washed / Wet,0.1000,fair
Guatemala,Bourbon,Washed / Wet,0.1100,fair
Guatemala,Caturra,Washed / Wet,0.1000,good
Guatemala,Caturra,Washed / Wet,0.1100,good
Guatemala,Caturra,Washed / Wet,0.1000,poor
Guatemala,Caturra,Washed / Wet,0.1000,great
Haiti,Typica,Natural / Dry,0.1400,poor
Haiti,Blue Mountain,Washed / Wet,0.1100,poor
Haiti,Typica,Washed / Wet,0.1000,poor
Haiti,Typica,Washed / Wet,0.1200,poor
Haiti,Typica,Washed / Wet,0.1100,fair
Honduras,Catuai,Natural / Dry,0.1300,poor
Honduras,Catuai,Natural / Dry,0.1300,poor
Honduras,Catuai,Washed / Wet,0.1100,great
Honduras,Caturra,Natural / Dry,0.1000,fair
Honduras,Caturra,Natural / Dry,0.1100,good
Honduras,Caturra,Natural / Dry,0.0900,fair
Honduras,Caturra,Natural / Dry,0.1000,fair
Honduras,Caturra,Natural / Dry,0.1000,poor
Honduras,Caturra,Natural / Dry,0.1000,poor
Honduras,Caturra,Washed / Wet,0.1000,fair
Honduras,Caturra,Washed / Wet,0.1100,fair
Honduras,Caturra,Washed / Wet,0.1000,fair
Honduras,Caturra,Washed / Wet,0.1000,great
Honduras,Caturra,Washed / Wet,0.1000,good
Honduras,Caturra,Washed / Wet,0.1000,good
Honduras,Caturra,Washed / Wet,0.1100,fair
Honduras,Caturra,Washed / Wet,0.1200,fair
Honduras,Other,Washed / Wet,0.1200,good
Honduras,Caturra,Washed / Wet,0.1200,fair
Honduras,Caturra,Natural / Dry,0.1000,fair
Honduras,Pacas,Natural / Dry,0.1100,poor
Honduras,Pacas,Natural / Dry,0.1100,poor
Honduras,Pacas,Washed / Wet,0.1100,poor
Honduras,Pacas,Washed / Wet,0.1100,poor
Honduras,Catuai,Washed / Wet,0.1100,poor
Honduras,Catuai,Washed / Wet,0.1000,poor
Honduras,Catuai,Washed / Wet,0.1000,poor
Honduras,Catuai,Washed / Wet,0.1000,poor
Honduras,Catuai,Washed / Wet,0.1100,fair
Honduras,Catuai,Washed / Wet,0.1100,fair
Honduras,Catuai,Washed / Wet,0.1200,fair
Honduras,Catuai,Washed / Wet,0.1100,fair
Honduras,Catuai,Washed / Wet,0.1200,poor
Honduras,Catuai,Washed / Wet,0.0900,fair
Honduras,Catuai,Washed / Wet,0.1200,poor
Honduras,Catuai,Washed / Wet,0.0900,poor
Honduras,Catuai,Washed / Wet,0.1100,good
Honduras,Catuai,Washed / Wet,0.1100,good
Honduras,Caturra,Washed / Wet,0.1100,poor
Honduras,Caturra,Washed / Wet,0.1100,poor
Honduras,Catuai,Washed / Wet,0.1100,poor
Honduras,Catuai,Washed / Wet,0.1100,poor
Honduras,Catuai,Natural / Dry,0.1000,fair
Honduras,Catuai,Washed / Wet,0.1200,poor
Honduras,Caturra,Natural / Dry,0.1200,poor
Honduras,Caturra,Natural / Dry,0.1100,poor
Honduras,Catimor,Washed / Wet,0.1100,fair
Indonesia,Typica,Semi-washed / Semi-pulped,0.1300,good
Indonesia,Bourbon,Washed / Wet,0.1500,fair
Indonesia,Other,Washed / Wet,0.1100,good
Indonesia,Sumatra,Semi-washed / Semi-pulped,0.1300,good
Indonesia,Typica,Washed / Wet,0.1200,good
Indonesia,Java,Washed / Wet,0.1300,poor
Indonesia,Other,Washed / Wet,0.1200,poor
Indonesia,Other,Natural / Dry,0.1200,poor
Indonesia,Typica,other,0.1100,fair
Indonesia,Sumatra Lintong,Semi-washed / Semi-pulped,0.1100,great
Indonesia,Sulawesi,Wet Hulling,0.1200,good
Indonesia,Sulawesi,Wet Hulling,0.0300,great
Indonesia,Mandheling,other,0.0000,good
Indonesia,Mandheling,Semi-washed / Semi-pulped,0.1300,fair
Indonesia,Java,Washed / Wet,0.1200,great
Kenya,SL34,Washed / Wet,0.0000,great
Kenya,SL28,Washed / Wet,0.0000,good
Kenya,SL34,Washed / Wet,0.0000,great
Kenya,SL34,Washed / Wet,0.0000,great
Kenya,SL34,Washed / Wet,0.0000,great
Kenya,SL28,Washed / Wet,0.0800,good
Kenya,SL28,Washed / Wet,0.1000,good
Kenya,SL28,Washed / Wet,0.1100,good
Kenya,SL28,Washed / Wet,0.1100,great
Kenya,SL34,Washed / Wet,0.1100,poor
Kenya,SL28,Natural / Dry,0.1000,great
Kenya,SL28,Washed / Wet,0.1100,good
Kenya,SL34,Washed / Wet,0.1200,great
Kenya,Peaberry,Washed / Wet,0.1000,great
Kenya,SL28,Natural / Dry,0.1100,great
Kenya,SL28,Washed / Wet,0.1100,great
Kenya,SL28,Washed / Wet,0.1100,great
Kenya,SL28,Washed / Wet,0.1100,good
Kenya,SL28,Washed / Wet,0.1100,good
Kenya,SL28,Washed / Wet,0.1000,good
Kenya,SL34,Washed / Wet,0.1300,great
Kenya,SL34,Washed / Wet,0.1100,good
Laos,Other,Washed / Wet,0.1200,fair
Laos,Catimor,Washed / Wet,0.1300,good
Laos,Catimor,Washed / Wet,0.0000,poor
Malawi,Gesha,Washed / Wet,0.1300,fair
Malawi,Gesha,Washed / Wet,0.1300,fair
Malawi,Gesha,Washed / Wet,0.1200,fair
Malawi,Gesha,Washed / Wet,0.1200,poor
Malawi,Gesha,Washed / Wet,0.1300,poor
Malawi,Gesha,Washed / Wet,0.1200,good
Malawi,Gesha,Washed / Wet,0.1200,good
Malawi,Gesha,Washed / Wet,0.1300,fair
Malawi,Gesha,Washed / Wet,0.1300,fair
Malawi,Caturra,Washed / Wet,0.1200,poor
Malawi,Caturra,Washed / Wet,0.1200,poor
Mexico,Typica,Washed / Wet,0.0000,good
Mexico,Typica,Washed / Wet,0.1200,good
Mexico,Typica,Washed / Wet,0.1400,poor
Mexico,Typica,Washed / Wet,0.1200,fair
Mexico,Typica,Natural / Dry,0.1100,fair
Mexico,Typica,Natural / Dry,0.1200,great
Mexico,Typica,Semi-washed / Semi-pulped,0.1100,great
Mexico,Bourbon,Washed / Wet,0.1600,good
Mexico,Caturra,Washed / Wet,0.1100,poor
Mexico,Typica,Washed / Wet,0.1000,fair
Mexico,Typica,Semi-washed / Semi-pulped,0.1300,fair
Mexico,Bourbon,Washed / Wet,0.1200,fair
Mexico,Bourbon,Washed / Wet,0.1200,good
Mexico,Bourbon,Washed / Wet,0.1200,good
Mexico,Bourbon,Washed / Wet,0.1200,poor
Mexico,Bourbon,Washed / Wet,0.1300,poor
Mexico,Bourbon,Washed / Wet,0.1200,poor
Mexico,Catuai,Washed / Wet,0.1100,fair
Mexico,Caturra,Washed / Wet,0.1200,good
Mexico,Other,Washed / Wet,0.0000,good
Mexico,Typica,Washed / Wet,0.1200,good
Mexico,Typica,Washed / Wet,0.1200,fair
Mexico,Typica,Washed / Wet,0.1100,good
Mexico,Typica,Washed / Wet,0.1200,poor
Mexico,Caturra,Washed / Wet,0.1200,good
Mexico,Caturra,Washed / Wet,0.1200,good
Mexico,Typica,Semi-washed / Semi-pulped,0.1100,poor
Mexico,Typica,Semi-washed / Semi-pulped,0.1100,good
Mexico,Typica,Washed / Wet,0.1400,poor
Mexico,Bourbon,Washed / Wet,0.1100,good
Mexico,Typica,Natural / Dry,0.1200,poor
Mexico,Typica,Semi-washed / Semi-pulped,0.1100,great
Mexico,Typica,Semi-washed / Semi-pulped,0.1200,poor
Mexico,Typica,Washed / Wet,0.1100,poor
Mexico,Typica,Washed / Wet,0.1200,poor
Mexico,Typica,Washed / Wet,0.1300,poor
Mexico,Typica,Washed / Wet,0.1300,poor
Mexico,Typica,Washed / Wet,0.1200,poor
Mexico,Typica,Washed / Wet,0.1200,poor
Mexico,Typica,Washed / Wet,0.1100,good
Mexico,Typica,Washed / Wet,0.1400,good
Mexico,Typica,Washed / Wet,0.1300,good
Mexico,Typica,Washed / Wet,0.1100,fair
Mexico,Mundo Novo,Washed / Wet,0.0000,poor
Mexico,Typica,Washed / Wet,0.1200,poor
Mexico,Typica,Washed / Wet,0.1300,fair
Mexico,Typica,Washed / Wet,0.1000,good
Mexico,Typica,Washed / Wet,0.1200,good
Mexico,Typica,Washed / Wet,0.1000,good
Mexico,Typica,Washed / Wet,0.1100,poor
Mexico,Typica,Washed / Wet,0.1200,poor
Mexico,Typica,Natural / Dry,0.1200,good
Mexico,Typica,Natural / Dry,0.1300,good
Mexico,Typica,Washed / Wet,0.1200,poor
Mexico,Typica,Washed / Wet,0.1300,good
Mexico,Typica,Washed / Wet,0.1400,poor
Mexico,Typica,Washed / Wet,0.1200,fair
Mexico,Bourbon,Washed / Wet,0.1200,fair
Mexico,Caturra,Washed / Wet,0.1200,good
Mexico,Typica,Washed / Wet,0.1300,poor
Mexico,Caturra,Natural / Dry,0.1300,good
Mexico,Caturra,Washed / Wet,0.1300,poor
Mexico,Mundo Novo,Washed / Wet,0.1400,fair
Mexico,Typica,Washed / Wet,0.1200,great
Mexico,Mundo Novo,Natural / Dry,0.1200,poor
Mexico,Typica,Washed / Wet,0.1300,poor
Mexico,Catuai,Washed / Wet,0.1100,poor
Mexico,Typica,Washed / Wet,0.1100,great
Mexico,Typica,Natural / Dry,0.1500,good
Mexico,Bourbon,Washed / Wet,0.1100,poor
Mexico,Typica,Washed / Wet,0.1200,good
Mexico,Bourbon,Washed / Wet,0.1000,great
Mexico,Bourbon,Washed / Wet,0.1100,fair
Mexico,Caturra,Washed / Wet,0.1200,fair
Mexico,Caturra,Washed / Wet,0.1200,poor
Mexico,Caturra,Washed / Wet,0.1200,good
Mexico,Caturra,Washed / Wet,0.1300,poor
Mexico,Caturra,Washed / Wet,0.1200,poor
Mexico,Marigojipe,Natural / Dry,0.1100,fair
Mexico,Other,Washed / Wet,0.1000,fair
Mexico,Pacas,Natural / Dry,0.1100,good
Mexico,Typica,Natural / Dry,0.1100,good
Mexico,Typica,Semi-washed / Semi-pulped,0.1100,fair
Mexico,Typica,Washed / Wet,0.1100,good
Mexico,Typica,Washed / Wet,0.1200,fair
Mexico,Typica,Washed / Wet,0.1200,fair
Mexico,Typica,Washed / Wet,0.1200,fair
Mexico,Typica,Washed / Wet,0.1200,fair
Mexico,Typica,Washed / Wet,0.1300,poor
Mexico,Typica,Washed / Wet,0.1100,good
Mexico,Typica,Washed / Wet,0.1200,poor
Mexico,Typica,Washed / Wet,0.1200,poor
Mexico,Typica,Washed / Wet,0.1200,poor
Mexico,Typica,Washed / Wet,0.1100,good
Mexico,Typica,Washed / Wet,0.1400,great
Mexico,Typica,Natural / Dry,0.1100,good
Mexico,Typica,Washed / Wet,0.1100,fair
Mexico,Typica,Washed / Wet,0.0000,great
Mexico,Caturra,Washed / Wet,0.1300,poor
Mexico,Typica,Washed / Wet,0.1200,good
Mexico,Typica,Semi-washed / Semi-pulped,0.1100,fair
Mexico,Typica,Washed / Wet,0.1400,poor
Mexico,Catuai,Semi-washed / Semi-pulped,0.1300,poor
Mexico,Other,Washed / Wet,0.1200,poor
Mexico,Other,Washed / Wet,0.1200,poor
Mexico,Other,Washed / Wet,0.1200,poor
Mexico,Other,Washed / Wet,0.1200,poor
Mexico,Typica,Washed / Wet,0.1200,fair
Mexico,Typica,Washed / Wet,0.1100,fair
Mexico,Typica,Washed / Wet,0.1100,poor
Mexico,Typica,Washed / Wet,0.1100,poor
Mexico,Typica,Washed / Wet,0.1000,good
Mexico,Mundo Novo,Washed / Wet,0.1100,poor
Mexico,Bourbon,Washed / Wet,0.1200,poor
Mexico,Bourbon,Natural / Dry,0.1000,great
Mexico,Typica,Natural / Dry,0.1000,good
Mexico,Typica,Washed / Wet,0.1100,poor
Mexico,Typica,Washed / Wet,0.1000,poor
Mexico,Typica,Washed / Wet,0.1000,poor
Mexico,Bourbon,Washed / Wet,0.1300,good
Mexico,Caturra,Semi-washed / Semi-pulped,0.1100,good
Mexico,Pacamara,Washed / Wet,0.1400,good
Mexico,Typica,Washed / Wet,0.1300,good
Mexico,Typica,Washed / Wet,0.1500,good
Mexico,Typica,Washed / Wet,0.1300,fair
Mexico,Typica,Washed / Wet,0.1300,fair
Mexico,Other,Washed / Wet,0.1100,poor
Mexico,Typica,Semi-washed / Semi-pulped,0.1300,good
Mexico,Typica,Semi-washed / Semi-pulped,0.1200,great
Mexico,Other,Washed / Wet,0.1000,good
Mexico,Typica,Washed / Wet,0.1100,good
Mexico,Typica,Washed / Wet,0.1100,poor
Mexico,Typica,Washed / Wet,0.1100,good
Mexico,Typica,Washed / Wet,0.1200,poor
Mexico,Typica,Washed / Wet,0.0000,poor
Mexico,Typica,Washed / Wet,0.0000,good
Mexico,Caturra,Washed / Wet,0.1000,poor
Mexico,Typica,Washed / Wet,0.1100,great
Mexico,Typica,Washed / Wet,0.1200,poor
Mexico,Bourbon,Washed / Wet,0.0000,poor
Mexico,Typica,Washed / Wet,0.0000,poor
Mexico,Typica,Washed / Wet,0.1100,fair
Mexico,Typica,Washed / Wet,0.1000,poor
Mexico,Typica,Washed / Wet,0.1000,poor
Mexico,Bourbon,Washed / Wet,0.1300,fair
Mexico,Pacamara,Washed / Wet,0.1200,great
Mexico,Typica,Natural / Dry,0.1300,poor
Mexico,Typica,Washed / Wet,0.1300,fair
Mexico,Typica,Washed / Wet,0.1300,fair
Mexico,Typica,Washed / Wet,0.1300,poor
Mexico,Catuai,Washed / Wet,0.1200,poor
Mexico,Bourbon,Washed / Wet,0.1300,fair
Mexico,Caturra,Washed / Wet,0.1300,poor
Mexico,Typica,Washed / Wet,0.1200,poor
Mexico,Bourbon,Washed / Wet,0.1200,poor
Mexico,Mundo Novo,Washed / Wet,0.1300,fair
Mexico,Mundo Novo,Washed / Wet,0.1100,poor
Mexico,Pacamara,Washed / Wet,0.1100,poor
Mexico,Typica,Washed / Wet,0.1200,good
Mexico,Mundo Novo,Washed / Wet,0.1200,poor
Mexico,Pacamara,Washed / Wet,0.1200,good
Mexico,Typica,Washed / Wet,0.1200,poor
Mexico,Typica,Washed / Wet,0.1200,good
Mexico,Typica,Washed / Wet,0.1300,good
Mexico,Bourbon,Washed / Wet,0.1200,poor
Mexico,Bourbon,Washed / Wet,0.1100,fair
Mexico,Bourbon,Washed / Wet,0.1100,poor
Mexico,Bourbon,Washed / Wet,0.1300,poor
Mexico,Bourbon,Washed / Wet,0.1200,great
Mexico,Bourbon,Washed / Wet,0.1200,poor
Mexico,Bourbon,Washed / Wet,0.0000,poor
Mexico,Bourbon,Washed / Wet,0.1300,poor
Mexico,Bourbon,Washed / Wet,0.1100,poor
Mexico,Bourbon,Washed / Wet,0.1200,good
Mexico,Bourbon,Washed / Wet,0.1200,good
Mexico,Bourbon,Washed / Wet,0.1300,good
Mexico,Bourbon,Washed / Wet,0.1300,good
Mexico,Mundo Novo,Washed / Wet,0.1200,good
Mexico,Mundo Novo,Washed / Wet,0.1100,great
Mexico,Mundo Novo,Washed / Wet,0.1200,poor
Mexico,Mundo Novo,Washed / Wet,0.1100,poor
Mexico,Other,Washed / Wet,0.1200,good
Mexico,Other,Washed / Wet,0.1200,poor
Mexico,Other,Washed / Wet,0.1200,good
Mexico,Pacamara,Washed / Wet,0.1400,good
Mexico,Typica,Semi-washed / Semi-pulped,0.1400,poor
Mexico,Typica,Washed / Wet,0.1200,poor
Mexico,Typica,Washed / Wet,0.1400,poor
Mexico,Typica,Washed / Wet,0.1200,good
Mexico,Typica,Washed / Wet,0.1100,good
Mexico,Typica,Washed / Wet,0.1100,fair
Mexico,Typica,Washed / Wet,0.0900,great
Mexico,Typica,Washed / Wet,0.1200,poor
Mexico,Typica,Washed / Wet,0.1200,poor
Mexico,Bourbon,Natural / Dry,0.1300,good
Mexico,Caturra,Washed / Wet,0.1300,poor
Mexico,Other,Washed / Wet,0.1300,great
Mexico,Typica,Washed / Wet,0.1200,good
Mexico,Typica,Washed / Wet,0.1300,poor
Mexico,Caturra,Washed / Wet,0.1100,poor
Mexico,Typica,Washed / Wet,0.1200,fair
Mexico,Typica,Washed / Wet,0.1200,good
Mexico,Typica,Washed / Wet,0.1300,poor
Mexico,Typica,Natural / Dry,0.1300,poor
Mexico,Bourbon,Washed / Wet,0.1100,poor
Mexico,Typica,Washed / Wet,0.1400,poor
Mexico,Caturra,Washed / Wet,0.1300,poor
Mexico,Typica,Washed / Wet,0.1200,fair
Mexico,Bourbon,Washed / Wet,0.1400,poor
Mexico,Typica,Semi-washed / Semi-pulped,0.1400,poor
Mexico,Typica,Washed / Wet,0.1400,fair
Mexico,Typica,Washed / Wet,0.1500,poor
Mexico,Typica,Washed / Wet,0.1400,poor
Mexico,Typica,Washed / Wet,0.1600,poor
Mexico,Typica,Washed / Wet,0.1600,poor
Mexico,Typica,Washed / Wet,0.1400,poor
Mexico,Typica,Washed / Wet,0.1500,poor
Mexico,Typica,Washed / Wet,0.1600,poor
Mexico,Typica,Washed / Wet,0.1700,poor
Mexico,Typica,Washed / Wet,0.1500,poor
Mexico,Typica,Washed / Wet,0.1400,poor
Mexico,Typica,Washed / Wet,0.1400,poor
Mexico,Typica,Washed / Wet,0.1100,good
Myanmar,Other,Washed / Wet,0.0000,poor
Myanmar,Other,Washed / Wet,0.0000,poor
Myanmar,Other,Natural / Dry,0.1100,poor
Myanmar,Catuai,Natural / Dry,0.0000,poor
Myanmar,Catuai,Washed / Wet,0.0000,good
Myanmar,Catuai,Washed / Wet,0.0000,fair
Myanmar,Catuai,Washed / Wet,0.0000,fair
Nicaragua,Caturra,other,0.1100,fair
Nicaragua,Caturra,other,0.1000,poor
Nicaragua,Caturra,other,0.1300,poor
Nicaragua,Catuai,Washed / Wet,0.1000,fair
Nicaragua,Caturra,Natural / Dry,0.1200,poor
Nicaragua,Caturra,Natural / Dry,0.1200,great
Nicaragua,Caturra,Washed / Wet,0.1000,good
Nicaragua,Caturra,Washed / Wet,0.1100,poor
Nicaragua,Caturra,Washed / Wet,0.1000,poor
Nicaragua,Caturra,Washed / Wet,0.1100,poor
Nicaragua,Other,Washed / Wet,0.1100,poor
Nicaragua,Caturra,Washed / Wet,0.1000,poor
Nicaragua,Caturra,Washed / Wet,0.1100,poor
Panama,Catuai,Washed / Wet,0.0000,fair
Panama,Caturra,Natural / Dry,0.0900,good
Panama,Caturra,other,0.1100,poor
Panama,Gesha,Washed / Wet,0.0800,great
Peru,Caturra,Washed / Wet,0.0000,good
Peru,Typica,Washed / Wet,0.0000,poor
Philippines,Other,Washed / Wet,0.0000,fair
Philippines,Other,Washed / Wet,0.1100,good
Philippines,Typica,Natural / Dry,0.0000,poor
Philippines,Other,Washed / Wet,0.1400,poor
Rwanda,Bourbon,Washed / Wet,0.1100,great
Taiwan,Typica,Semi-washed / Semi-pulped,0.1100,fair
Taiwan,Typica,Semi-washed / Semi-pulped,0.1100,fair
Taiwan,Typica,Semi-washed / Semi-pulped,0.1100,poor
Taiwan,Typica,Washed / Wet,0.1100,poor
Taiwan,Typica,Washed / Wet,0.1100,poor
Taiwan,Typica,other,0.1100,good
Taiwan,Typica,Semi-washed / Semi-pulped,0.1100,poor
Taiwan,Typica,Washed / Wet,0.1100,fair
Taiwan,Caturra,Natural / Dry,0.1000,good
Taiwan,Sumatra,Pulped natural / honey,0.0000,great
Taiwan,Typica,Washed / Wet,0.1100,good
Taiwan,Typica,Washed / Wet,0.1100,great
Taiwan,Typica,Natural / Dry,0.0000,poor
Taiwan,Typica,other,0.1100,poor
Taiwan,Typica,Semi-washed / Semi-pulped,0.1100,fair
Taiwan,Typica,Semi-washed / Semi-pulped,0.1100,poor
Taiwan,Typica,Washed / Wet,0.1100,fair
Taiwan,Typica,Washed / Wet,0.1100,poor
Taiwan,Typica,Washed / Wet,0.1100,fair
Taiwan,Bourbon,Semi-washed / Semi-pulped,0.1200,great
Taiwan,Bourbon,Washed / Wet,0.1000,fair
Taiwan,Typica,Semi-washed / Semi-pulped,0.1100,great
Taiwan,Typica,Semi-washed / Semi-pulped,0.0000,poor
Taiwan,Typica,Washed / Wet,0.1000,fair
Taiwan,Typica,Washed / Wet,0.1100,poor
Taiwan,Typica,Washed / Wet,0.1100,poor
Taiwan,Typica,Washed / Wet,0.1100,poor
Taiwan,Typica,other,0.1100,fair
Taiwan,Typica,other,0.1100,good
Taiwan,Typica,other,0.1100,fair
Taiwan,Typica,Washed / Wet,0.1100,fair
Taiwan,Typica,Washed / Wet,0.1100,great
Taiwan,Yellow Bourbon,other,0.1100,poor
Taiwan,Caturra,Natural / Dry,0.0900,great
Taiwan,Typica,Natural / Dry,0.0000,good
Taiwan,Typica,Natural / Dry,0.0000,great
Taiwan,Typica,Natural / Dry,0.1200,good
Taiwan,Typica,Natural / Dry,0.0000,good
Taiwan,Typica,Washed / Wet,0.1000,good
Taiwan,Typica,Washed / Wet,0.0000,good
Taiwan,Typica,Washed / Wet,0.0000,poor
Taiwan,Typica,Washed / Wet,0.1200,poor
Taiwan,Typica,Washed / Wet,0.0000,fair
Taiwan,Typica,Washed / Wet,0.0900,fair
Taiwan,Typica,Washed / Wet,0.1200,good
Taiwan,Typica,Washed / Wet,0.1000,poor
Taiwan,Typica,Washed / Wet,0.1000,poor
Taiwan,Typica,Washed / Wet,0.1100,poor
Taiwan,Yellow Bourbon,Natural / Dry,0.0000,good
Taiwan,Yellow Bourbon,Washed / Wet,0.0000,poor
Taiwan,Other,Natural / Dry,0.0000,poor
Taiwan,Other,Washed / Wet,0.0000,poor
Tanzania,Arusha,Washed / Wet,0.1100,fair
Tanzania,Other,Semi-washed / Semi-pulped,0.1200,good
Tanzania,Other,Washed / Wet,0.1300,good
Tanzania,Other,Washed / Wet,0.1200,poor
Tanzania,Other,Washed / Wet,0.1200,poor
Tanzania,Ruiru 11,Washed / Wet,0.1300,poor
Tanzania,Other,Washed / Wet,0.1200,fair
Tanzania,Other,Washed / Wet,0.1200,fair
Tanzania,Other,Washed / Wet,0.1200,poor
Tanzania,Other,Washed / Wet,0.1300,poor
Tanzania,Other,Washed / Wet,0.1200,fair
Tanzania,Other,Washed / Wet,0.1200,fair
Tanzania,Other,Washed / Wet,0.1300,poor
Tanzania,Bourbon,Washed / Wet,0.1300,good
Tanzania,Bourbon,Washed / Wet,0.1200,fair
Tanzania,Bourbon,Washed / Wet,0.1200,poor
Tanzania,Other,Washed / Wet,0.1300,poor
Tanzania,Other,Washed / Wet,0.1200,poor
Tanzania,Other,Washed / Wet,0.1200,poor
Tanzania,Other,Washed / Wet,0.1200,great
Tanzania,Other,Washed / Wet,0.1200,good
Tanzania,Bourbon,Washed / Wet,0.1200,poor
Tanzania,Bourbon,Washed / Wet,0.1200,fair
Tanzania,Other,Washed / Wet,0.1300,good
Tanzania,Other,Washed / Wet,0.1200,poor
Tanzania,Other,Washed / Wet,0.1200,fair
Tanzania,Bourbon,Washed / Wet,0.1300,poor
Tanzania,Bourbon,Washed / Wet,0.1200,good
Tanzania,Other,Washed / Wet,0.1200,fair
Tanzania,Other,Washed / Wet,0.1200,fair
Tanzania,Ruiru 11,Washed / Wet,0.1300,good
Tanzania,Other,Washed / Wet,0.1200,fair
Tanzania,Other,Washed / Wet,0.1200,fair
Tanzania,Bourbon,Washed / Wet,0.1300,fair
Tanzania,Bourbon,Washed / Wet,0.1200,poor
Tanzania,Other,Washed / Wet,0.1200,good
Thailand,Caturra,Washed / Wet,0.1000,great
Thailand,Catimor,Natural / Dry,0.1200,good
Thailand,Catimor,Natural / Dry,0.1000,good
Thailand,Caturra,Washed / Wet,0.1200,fair
Thailand,Caturra,Washed / Wet,0.1200,good
Thailand,Caturra,Washed / Wet,0.1100,fair
Thailand,Caturra,Washed / Wet,0.1100,fair
Thailand,Catimor,Washed / Wet,0.1300,good
Thailand,Other,Washed / Wet,0.1200,great
Thailand,Other,Washed / Wet,0.1200,poor
Uganda,SL14,Natural / Dry,0.1200,fair
Uganda,SL14,Natural / Dry,0.1200,poor
Uganda,SL14,Natural / Dry,0.1200,great
Uganda,SL14,Natural / Dry,0.1200,great
Uganda,SL14,Washed / Wet,0.1200,great
Uganda,SL14,Washed / Wet,0.1200,great
Uganda,SL14,Washed / Wet,0.1100,great
Uganda,SL14,Washed / Wet,0.1100,good
Uganda,SL14,Washed / Wet,0.1200,good
Uganda,SL14,Washed / Wet,0.1100,good
Uganda,SL14,Washed / Wet,0.1000,good
Uganda,SL14,Washed / Wet,0.1200,fair
Uganda,SL14,Washed / Wet,0.1200,good
Uganda,SL14,Washed / Wet,0.1200,great
Uganda,Other,Natural / Dry,0.1300,good
Uganda,Other,Washed / Wet,0.1000,good
Uganda,Bourbon,Natural / Dry,0.1200,good
Uganda,Bourbon,Washed / Wet,0.1200,good
Uganda,Other,Washed / Wet,0.1100,great
Uganda,SL14,Washed / Wet,0.1200,fair
Uganda,Other,Washed / Wet,0.1100,good
Uganda,Other,Washed / Wet,0.1000,great
Uganda,Bourbon,Natural / Dry,0.1200,great
Uganda,SL14,Washed / Wet,0.1200,good
United States,Other,Washed / Wet,0.0000,great
United States,Other,Washed / Wet,0.0000,great
United States,Other,Washed / Wet,0.0000,great
United States,Other,Washed / Wet,0.0000,great
United States,Other,Washed / Wet,0.0000,great
United States,Other,Washed / Wet,0.0000,great
United States,Pache Comun,Natural / Dry,0.0000,poor
United States,Arusha,Natural / Dry,0.1300,poor
United States,Hawaiian Kona,Natural / Dry,0.0000,great
United States,Hawaiian Kona,Natural / Dry,0.1000,poor
United States,Hawaiian Kona,Natural / Dry,0.1100,poor
United States,Hawaiian Kona,Natural / Dry,0.0000,fair
United States,Hawaiian Kona,Natural / Dry,0.0000,good
United States,Hawaiian Kona,Natural / Dry,0.1100,good
United States,Hawaiian Kona,Natural / Dry,0.1000,fair
United States,Hawaiian Kona,Natural / Dry,0.1100,good
United States,Hawaiian Kona,Natural / Dry,0.1100,fair
United States,Hawaiian Kona,Natural / Dry,0.1200,good
United States,Hawaiian Kona,Natural / Dry,0.1000,great
United States,Hawaiian Kona,Natural / Dry,0.0000,good
United States,Hawaiian Kona,Natural / Dry,0.1200,poor
United States,Hawaiian Kona,Natural / Dry,0.1100,poor
United States,Hawaiian Kona,Natural / Dry,0.1200,poor
United States,Hawaiian Kona,Natural / Dry,0.1200,poor
United States,Hawaiian Kona,Natural / Dry,0.1000,good
United States,Hawaiian Kona,Natural / Dry,0.1100,fair
United States,Hawaiian Kona,Natural / Dry,0.1100,poor
United States,Hawaiian Kona,Natural / Dry,0.1200,poor
United States,Hawaiian Kona,Natural / Dry,0.1200,good
United States,Hawaiian Kona,Natural / Dry,0.1200,poor
United States,Hawaiian Kona,Natural / Dry,0.0000,poor
United States,Hawaiian Kona,Natural / Dry,0.0000,poor
United States,Hawaiian Kona,Natural / Dry,0.0000,poor
United States,Hawaiian Kona,Natural / Dry,0.0000,poor
United States,Hawaiian Kona,Natural / Dry,0.1100,poor
United States,Hawaiian Kona,Natural / Dry,0.1000,good
United States,Hawaiian Kona,Natural / Dry,0.1000,great
United States,Hawaiian Kona,Natural / Dry,0.0000,fair
United States,Hawaiian Kona,Natural / Dry,0.1100,good
United States,Hawaiian Kona,Natural / Dry,0.0000,great
United States,Hawaiian Kona,Natural / Dry,0.0000,great
United States,Hawaiian Kona,Natural / Dry,0.0000,great
United States,Hawaiian Kona,Natural / Dry,0.1100,great
United States,Hawaiian Kona,Natural / Dry,0.0000,good
United States,Hawaiian Kona,Natural / Dry,0.1100,great
United States,Hawaiian Kona,Natural / Dry,0.1100,great
United States,Hawaiian Kona,Natural / Dry,0.1100,good
United States,Hawaiian Kona,other,0.0000,great
United States,Hawaiian Kona,other,0.0000,great
United States,Hawaiian Kona,Washed / Wet,0.1200,good
United States,Hawaiian Kona,Washed / Wet,0.1000,fair
United States,Hawaiian Kona,Washed / Wet,0.1000,poor
United States,Hawaiian Kona,Washed / Wet,0.0600,fair
United States,Hawaiian Kona,Washed / Wet,0.1000,poor
United States,Hawaiian Kona,Washed / Wet,0.1200,fair
United States,Hawaiian Kona,Washed / Wet,0.1200,good
United States,Hawaiian Kona,Washed / Wet,0.1200,fair
United States,Hawaiian Kona,Washed / Wet,0.1000,fair
United States,Other,Washed / Wet,0.1200,great
United States,Other,Washed / Wet,0.0000,fair
United States,Other,Washed / Wet,0.1300,poor
United States,Other,Washed / Wet,0.0000,good
Vietnam,Catimor,Natural / Dry,0.0700,fair
Vietnam,Catimor,other,0.0000,poor
Vietnam,Other,Natural / Dry,0.1200,great
Vietnam,Other,Natural / Dry,0.0000,poor
Vietnam,Caturra,Washed / Wet,0.1200,poor
Vietnam,Caturra,other,0.0000,good
Zambia,SL28,Washed / Wet,0.0000,poor